"#","Player","Pos","Team","1","2","3","4","5","6","7","8","9","10","11","12","13","14","15","16","17","18","AVG","TTL"
"1","Josh Allen","QB","BUF","12","23.7","22.3","36.5","28.8","14.9","25.3","30.1","25.7","16.4","23.5","40.7","BYE","21.5","16.2","26","22.2","25.1","24.2","410.6"
"2","Jalen Hurts","QB","PHI","12.5","26.2","21.9","24.2","28.3","22.9","24.3","27.4","25.9","BYE","19.9","35.5","23.9","8.9","23.9","24.4","20.2","1.6","21.9","371.8"
"3","Christian McCaffrey","RB","SF","24.4","21","20.4","45.2","12.8","12.7","21.1","26.8","BYE","17.2","18.8","28.4","20.8","15.8","39.2","22.1","11.1","-","22.4","357.8"
"4","Dak Prescott","QB","DAL","6.3","19.6","15.4","14.3","7.3","24.9","BYE","29.1","28.4","38.9","16.2","32.2","28.3","17.9","7.1","18.6","21.3","26.2","20.7","351.8"
"5","Lamar Jackson","QB","BAL","7.6","22.9","28.2","28.1","10.9","18.1","33.9","12","11.5","15","24","15","BYE","32.6","19.5","22.6","36.3","-","21.1","338.2"
"6","CeeDee Lamb","WR","DAL","9.7","19.8","8.2","12.8","6.9","15.2","BYE","35","22.6","34","13.5","15.3","26.6","16.1","15.1","22.2","33.7","29","19.7","335.7"
"7","Jordan Love","QB","GB","23","20.3","25.3","19.6","8","BYE","16.3","15.6","13.8","18.7","20.9","26.6","23.7","9.9","17.5","24","28.4","18.5","19.4","330.1"
"8","Tyreek Hill","WR","MIA","39","12.5","26.2","8.7","28.1","25.3","20.3","21.2","8.5","BYE","25.6","20.9","29.8","8.1","-","14.4","10.6","17.7","19.8","316.9"
"9","Brock Purdy","QB","SF","16.8","14.7","20.3","21.3","26.1","8.7","14.8","20.3","BYE","23.8","26.7","11.5","29.5","22.4","25.7","6.4","17.6","-","19.2","306.6"
"10","Jared Goff","QB","DET","14","23.9","19","12.4","27.4","22.4","10.4","13.7","BYE","21.1","16.7","18.2","16.3","8.4","31.1","14.3","12.8","20.8","17.8","303.1"
"11","Patrick Mahomes II","QB","KC","20.5","22.2","25.7","15.2","19.2","18.3","34.9","7.6","15.8","BYE","17.9","20.8","14","14.6","17.7","17.7","12","-","18.4","294.2"
"12","Tua Tagovailoa","QB","MIA","28.1","13.3","28.4","15","18.9","22.5","11.3","22.8","12.4","BYE","18.6","9.8","19.2","9.1","13","15.5","16.9","9.6","16.7","284.4"
"13","Baker Mayfield","QB","TB","16","18.4","11","23.9","BYE","7.8","17.2","21.4","19","19.3","11.3","14.4","10.9","20.1","29","19.8","18.3","6.2","16.7","284.1"
"14","C.J. Stroud","QB","HOU","10.2","21.5","20.6","21.8","14.2","15.2","BYE","12.9","41.8","20","18.3","30.9","16.1","3.6","-","-","12.9","20.6","18.7","280.5"
"15","Sam Howell","QB","SEA","16.2","21.3","4.6","19.6","26.4","18.3","10.5","32","18.7","24.2","20.7","18.3","20.2","-","9.3","0.2","8.7","8.9","16.4","278"
"16","Trevor Lawrence","QB","JAC","18.7","9.2","15.4","16.5","15.7","15.7","18.1","15.7","BYE","4.1","32.2","25.6","25.1","20.4","14.7","11.3","-","18.2","17.3","276.5"
"17","Amon-Ra St. Brown","WR","DET","16.1","11.2","15.1","14.1","-","24.4","16.7","13.8","BYE","26.5","17.7","14","11.9","3.6","20.7","22.6","19.1","23.9","17","271.4"
"18","Russell Wilson","QB","PIT","15.2","26.9","15.2","22.2","18.7","8.9","13.9","17.6","-","18.7","14.5","16.8","18.8","16.5","17.5","23.5","-","-","17.7","264.9"
"19","Raheem Mostert","RB","MIA","12","25.2","41.7","4","14.8","32.7","5.6","10.6","14.5","BYE","9.8","21.4","11.6","22.5","17.3","11.5","-","-","17","255.2"
"20","Matthew Stafford","QB","LAR","14.5","16","13.5","17.2","16.9","13.2","15","12.4","-","BYE","10.7","24.4","23","23.7","18.5","20.7","14.6","-","16.9","254.1"
"21","Travis Etienne Jr.","RB","JAC","18.9","5.2","15.8","8.7","34.4","21.8","21.2","24.4","BYE","5.4","7.4","10.6","15.9","15.2","7.9","4.6","24.8","11.2","14.9","253.4"
"22","Breece Hall","RB","NYJ","15.2","0.9","3.2","8.4","26.9","17.8","BYE","18.3","8","9","15.8","8.4","7.5","22.6","2.3","37.1","23.1","28","14.9","252.5"
"23","Derek Carr","QB","NO","15.6","7.7","8.1","3.2","15.7","17.3","18.4","18.3","16.7","5.4","BYE","11.9","9.9","11.8","20.3","26","15.6","27.2","14.7","249.1"
"24","Puka Nacua","WR","LAR","16.9","22.6","9.7","26.8","16.6","4.6","19.4","5.8","4.7","BYE","16.2","4.7","21.9","11.5","7.8","28.5","16.2","12.1","14.5","246"
"25","Mike Evans","WR","TB","15.6","26.1","14.5","5.5","BYE","6.9","17.2","11.4","10.7","23.3","12.8","22","25.7","1.3","13.7","24.1","8.5","3.7","14.3","243"
"26","Joe Mixon","RB","HOU","8.8","11.5","13.5","8.1","11.4","7.7","BYE","18.5","15.3","11.5","18.5","7","26.7","20","13.6","8","16.7","24.2","14.2","241"
"27","Justin Herbert","QB","LAC","20.9","22.2","29.3","24.4","BYE","19.6","12.9","24","7.1","29.4","25.7","14.4","8","2.8","-","-","-","-","18.5","240.7"
"28","Justin Fields","QB","PIT","15.5","16.7","11.7","28.9","33","5.9","-","-","-","-","21.2","10.6","-","24.7","11.6","25.5","25.2","8.6","18.4","239.2"
"29","Kyren Williams","RB","LAR","17.4","25","7.5","26.2","6.7","21.8","-","-","-","BYE","-","35.4","18.7","12.8","22","16.4","29.1","-","19.9","239"
"30","DJ Moore","WR","CHI","3.5","13.4","11.6","23.1","45","7.6","9.4","7.5","3.9","8.4","19.1","16.9","BYE","23.8","7.2","3.3","26.4","8.4","14","238.5"
"31","A.J. Brown","WR","PHI","11.4","4.9","17.6","34","15.7","16.6","24.7","29","16.1","BYE","1.3","12.2","15.4","11.9","8.1","11","7.3","-0.6","13.9","236.6"
"32","Rachaad White","RB","TB","5.9","18.8","5.7","9.3","BYE","5.3","12.9","14.4","25.9","16.8","14.8","12","18.1","20.5","20.9","16.7","6.6","11.3","13.9","235.9"
"33","Geno Smith","QB","SEA","9.1","23.1","16.4","8.7","BYE","13","14.8","15.9","3.7","24.1","13.2","8.3","31","-","-","17.3","16.9","20.4","15.7","235.8"
"34","Derrick Henry","RB","BAL","12.9","17","2","23.9","7.7","18.3","-","14.2","17.7","2.5","4.9","20.1","24.5","17.6","3","20.9","4.2","21.3","13.7","232.7"
"35","Keenan Allen","WR","CHI","11.2","27.1","36.5","10.7","-","18","7.5","10.9","11.7","35","22.6","15.6","8.3","9.8","-","-","-","-","17.3","224.9"
"36","Nico Collins","WR","HOU","11","24.1","4.4","32.3","5.4","10","BYE","5","12.9","-","10","19.9","29.6","1.8","-","11.8","12.2","30","14.7","220.4"
"37","Stefon Diggs","WR","HOU","21.2","10.1","15.1","33","20.1","15","14.8","11.5","19.6","4.9","4.7","16.4","-","4.4","6.8","5.4","5.1","12.2","13","220.3"
"38","Bijan Robinson","RB","ATL","17.3","19.2","8","16.2","10.8","10.5","0.3","12.2","4.9","17.1","BYE","25.8","9.4","17.3","-0.1","15.7","10.1","22.6","12.8","217.3"
"39","Jahmyr Gibbs","RB","DET","7","9.1","8.7","7.1","-","-","23.1","27.4","BYE","24.7","18.5","9.3","5.9","15.7","23.8","22","4.8","9","14.4","216.1"
"40","Davante Adams","WR","LV","9.6","17.4","35.7","11.5","6.5","3.9","9.2","1.6","5.4","11.6","17.7","9.8","BYE","8.8","20.1","0.9","31.1","13.1","12.6","213.9"
"41","Deebo Samuel Sr.","WR","SF","8.8","19.1","22.1","0.6","10","1.1","-","-","BYE","13.9","7.7","18.9","33.8","30.5","19.9","7.4","15.7","4.2","14.2","213.7"
"42","Ja'Marr Chase","WR","CIN","6.6","5.6","20.1","10.8","44.7","11","BYE","20.2","6.1","20.9","8.2","10.1","26.1","4.4","8.4","-","5.6","3.9","13.3","212.7"
"43","Brandon Aiyuk","WR","SF","28.9","5.8","-","17.8","7.8","9.6","8.2","13.4","BYE","13","24.1","12","13.1","13.6","5.2","14.3","20.9","4","13.2","211.7"
"44","James Cook","RB","BUF","8.3","17.9","12.2","14.2","3.6","7.1","17.7","7.8","5.9","11","17.7","13","BYE","22.6","35.1","5","4.9","6.7","12.4","210.7"
"45","Joshua Dobbs","QB","SF","1","25.2","17.1","23.4","10.7","11.1","16.1","24.9","24.9","25.1","17.9","8.5","-","4.6","-","-","-","-","16.2","210.7"
"46","Gardner Minshew II","QB","LV","0","11.1","13.1","-","6.3","12.6","28.1","15.8","9.6","6.7","-","15.6","18.7","15.1","20.6","10.1","13.3","8.5","12.8","205.2"
"47","Saquon Barkley","RB","PHI","7.8","24.2","-","-","-","11.8","17.3","14.3","12.8","6.6","28","5.7","-","21.6","4.7","17.9","7.3","22.7","14.5","202.7"
"48","David Montgomery","RB","DET","13.4","11.9","-","33.1","19.9","3.8","-","-","BYE","17.6","16.8","15.1","12","10","9.2","13.9","12.5","10","14.2","199.2"
"49","Sam LaPorta","TE","DET","6.4","8.8","18.4","7.6","18.2","5.6","8.2","15.7","BYE","6","5.3","15.2","24.5","3.7","26.1","3.3","11.9","11.4","11.5","196.3"
"50","Michael Pittman Jr.","WR","IND","19.7","9.6","12.2","4","7.7","15.4","15.3","14","10.4","12.4","BYE","15.7","22","15.5","9.8","-","7.1","4.9","12.2","195.7"
"51","Alvin Kamara","RB","NO","-","-","-","14.9","17.2","13.9","23.3","25","9","15","BYE","13.9","25.9","12","13.5","6","5.9","-","15","195.5"
"52","Tony Pollard","RB","TEN","21.2","16.4","13.6","7.5","6.4","14","BYE","6","7.8","5.5","16","19.3","15.8","13.1","6.7","4.8","5.4","15.6","11.5","195.1"
"53","DK Metcalf","WR","SEA","12.2","10.5","14.2","10.9","BYE","8.9","-","9.2","5.5","13.3","17.9","4.7","34.4","12.2","10.3","13.6","13.1","1.5","12","192.4"
"54","Calvin Ridley","WR","TEN","20.1","4.2","5.5","10.8","17.1","4.6","1","11.3","-","3","27.6","19.4","5.3","7.3","6.4","22.8","5.9","19.6","11.3","191.9"
"54","Isiah Pacheco","RB","KC","7.4","7.5","14.8","23.3","12.9","12.8","14","5.2","6.6","BYE","9.6","23.4","19.8","-","-","8.6","26","-","13.7","191.9"
"56","Amari Cooper","WR","CLE","5.2","12.5","21.1","2.1","BYE","12.8","3.2","11.9","22.4","12.8","5.4","2.6","4.9","9.2","18.9","46","-","-","12.7","191"
"57","Jerome Ford","RB","CLE","1.6","22.6","18.1","7","BYE","10.1","16.4","4.4","10.2","11.4","10.9","9.9","12.7","10.7","5.1","8.8","25.1","4.2","11.1","189.2"
"58","Desmond Ridder","QB","ARI","8.4","22.4","6.3","8.2","26.2","19.1","13.8","3.4","-","8.7","-","11.7","8.8","26.4","8.9","-","-0.3","16.6","12.6","188.6"
"59","James Conner","RB","ARI","9.5","16.6","18.6","6.1","4.6","-","-","-","-","7.3","7.3","5.2","22.5","BYE","16.4","19.7","25.8","28.4","14.5","188"
"60","Chris Olave","WR","NO","15.2","11.6","14.4","0.9","8.2","13.1","9.2","7.1","13.6","18.4","BYE","14.9","14.4","10.8","-","18.8","4.1","13.1","11.7","187.8"
"61","DeVonta Smith","WR","PHI","14.2","21.1","4.8","11.3","1.1","6.9","6.9","19.4","12.6","BYE","12.9","20.1","20.1","7.8","7.5","15.9","4.5","-","11.7","187.1"
"62","Jordan Addison","WR","MIN","14.1","14.7","8.2","0","15.4","10.3","27.8","17.9","7.7","8.9","5.9","6.9","BYE","3.7","26.1","0.7","4.3","13.7","11","186.3"
"63","DeAndre Hopkins","WR","TEN","10","6","6.3","8.3","18","2.5","BYE","32.8","8.5","4.2","13.9","6.4","16.4","21.9","3.1","3","10.7","14.1","10.9","186.1"
"64","Jayden Reed","WR","GB","5.6","17.7","7.8","9","1.2","BYE","9.6","10.3","5.5","16.9","17.2","13","3.6","16.5","14.2","-","23.9","13.2","11.6","185.2"
"65","Kenneth Walker III","RB","SEA","8.7","17.9","29.1","13.9","BYE","16.4","12.1","7.5","2.2","19.2","2.1","-","-","7.4","18.7","6.1","15","8.6","12.3","184.9"
"66","Jakobi Meyers","WR","LV","24.6","-","12","4.3","17","14.6","14.5","2.4","12.5","3.1","6.9","17.1","BYE","5","14.7","5.7","8.6","20.1","11.4","183.1"
"67","Brandon Aubrey","K","DAL","10","18","11","12","6","8","BYE","13","7","7","9","9","15","22","4","9","11","10","10.6","181"
"67","Najee Harris","RB","PIT","4.3","4.8","6.5","10.8","4.5","BYE","14.3","8","14.6","17.1","4.1","15.9","8.7","6.3","1.3","13.8","24.2","21.8","10.6","181"
"67","Gus Edwards","RB","LAC","5.2","12.2","5.1","5.9","4.8","5.8","20.9","28.4","17.2","9.3","20","4.2","-","1.5","13.4","13.5","10.8","2.8","10.6","181"
"70","Brian Robinson Jr.","RB","WAS","13.1","27.9","7","12.1","6.3","12.6","8.3","8.9","11.2","24.7","16.7","7.4","5.3","BYE","-","-","9.6","9","12","180.1"
"71","D'Andre Swift","RB","CHI","0.8","25.6","14.3","15.9","13.8","13.8","9","13.4","8.4","-","18.2","8.9","3","3.9","8.5","15.2","7.1","-","11.2","179.8"
"72","Adam Thielen","WR","CAR","2.2","16.9","26","11.7","22.2","23","BYE","11.2","5.4","7.2","11.4","0.7","4","9.9","6.3","12.4","6.8","2.2","10.6","179.5"
"73","Dallas Cowboys","DST","DAL","37","15","1","27","-1","4","BYE","15","2","8","21","16","-1","11","0","1","6","16","10.5","178"
"74","George Pickens","WR","PIT","6.1","20.7","9.5","4","23.6","BYE","13.2","8.7","0.9","6","5.7","7.3","10.6","4.4","6.2","33.5","16.6","0.3","10.4","177.3"
"75","De'Von Achane","RB","MIA","-","1.4","49.3","25.5","21","-","-","-","-","BYE","1","-","23.8","9.6","7.7","3.6","21.7","12.6","16.1","177.2"
"76","Baltimore Ravens","DST","BAL","11","3","7","17","6","11","14","6","15","14","6","15","BYE","7","9","15","10","8","10.2","174"
"77","Evan Engram","TE","JAC","7.4","8.7","10.2","9.4","4.8","7.6","7","11.8","BYE","3.2","4.9","7.4","18.7","27","4.8","12.5","9","18.9","10.2","173.3"
"78","Rashee Rice","WR","KC","10.1","3","8.4","4.7","11.3","9.2","14.5","7.6","8.7","BYE","6.2","20.7","10.4","14.7","19.6","8.7","15.2","-","10.8","173"
"79","Travis Kelce","TE","KC","-","10.6","16.4","9","17.7","16.9","29.9","8.8","2.9","BYE","11.9","12.1","10.1","11.3","5.3","6.9","3.1","-","11.5","172.9"
"80","T.J. Hockenson","TE","MIN","7.5","22.1","9.8","3.4","7.6","8","14.1","17.8","10.4","24.9","7.5","13.5","BYE","7.8","9.3","7.8","-","-","11.4","171.5"
"81","George Kittle","TE","SF","3.4","4.5","12.5","1.4","26.2","0.6","10.5","19.4","BYE","19.1","18.9","3.4","8.8","15.1","6.4","16.1","4.4","-","10.7","170.7"
"82","Justin Jefferson","WR","MIN","19.5","19.4","24.4","23.5","4.3","-","-","-","-","-","-","-","BYE","3.7","11.9","23.1","8.4","30","16.8","168.2"
"83","Zay Flowers","WR","BAL","13.2","8.8","9","6.5","9.8","14.1","9.5","4.4","1.6","9.8","6.5","20.7","BYE","17","1.2","17.7","18.1","-","10.5","167.9"
"84","Chris Godwin","WR","TB","7.6","8.3","6.7","15.4","BYE","10.7","9.6","15.3","2.6","7.4","6.9","6","7.9","7.8","20.5","10.9","15.6","8.5","9.9","167.7"
"85","Bryce Young","QB","CAR","9.5","13.5","-","7.2","20.3","12.7","BYE","14.5","12","9.2","6.2","8.1","8.1","7.5","7.6","22.2","3.7","4.2","10.4","166.4"
"86","Jaylen Warren","RB","PIT","4.3","10.6","6.7","8.5","9.4","BYE","9.6","5.8","12.8","18","22","5.7","6","6","9.3","7.9","17.8","5.5","9.8","165.9"
"87","Garrett Wilson","WR","NYJ","11.9","15.3","7.3","10.5","6.9","13","BYE","14.1","9.5","13.8","-0.1","13.9","6.5","15.6","4.4","11.3","7.4","4.4","9.7","165.7"
"88","Terry McLaurin","WR","WAS","4.1","13.9","7.1","12.6","6.9","11.1","12","14.8","9.8","5.3","6.8","7","0","BYE","23.1","6.5","14.1","8.6","9.6","163.7"
"89","Chuba Hubbard","RB","CAR","7.9","7.5","1.4","6.3","4","15.5","BYE","6.4","8.7","4.9","7.5","17.7","22.4","10.6","11.3","11.6","9.1","10.2","9.6","163"
"90","Tyler Lockett","WR","SEA","2","21.9","6.9","7.4","BYE","12.4","5.8","18.1","4.7","19.2","7.6","4.5","7.2","11.9","3.6","12.1","1.5","16.1","9.6","162.9"
"91","Jaylen Waddle","WR","MIA","9.8","10.4","-","6.6","12","14.6","9.3","21.6","6.9","BYE","7.5","15.4","7.7","10.9","24.2","5.7","-","-","11.6","162.6"
"92","Josh Jacobs","RB","GB","8.1","7.4","9.5","23.9","17.4","10.3","4.6","15.8","21.8","11.7","5.6","20.5","-","6","-","-","-","-","12.5","162.6"
"93","David Njoku","TE","CLE","3.4","4.8","4","7.6","BYE","3.9","7.9","15.7","10.6","8.8","9.1","8.9","2.7","24.1","21.4","13.4","14.4","-","10","160.7"
"94","Courtland Sutton","WR","DEN","11.2","9.1","15.1","10.2","1.8","12.6","16.6","9.9","BYE","13.3","14.6","7.6","14.7","13.7","9.6","0","-","0.7","10","160.7"
"95","Justin Tucker","K","BAL","5","11","7","4","4","19","8","8","14","7","11","10","BYE","12","12","16","8","4","9.4","160"
"96","Austin Ekeler","RB","WAS","24.4","-","-","-","-","8.2","5.1","19.8","20","19.5","6","6.9","3.7","18.5","5.8","10.1","3.5","8.4","11.4","159.9"
"97","Buffalo Bills","DST","BUF","5","10","32","9","9","7","2","6","1","6","21","2","BYE","6","9","5","17","12","9.4","159"
"98","Jason Myers","K","SEA","8","7","18","6","BYE","9","9","6","3","21","15","9","5","5","9","8","13","7","9.3","158"
"98","Cairo Santos","K","CHI","7","7","4","4","17","9","8","1","5","12","17","14","BYE","11","6","10","15","11","9.3","158"
"100","Matt Gay","K","IND","3","8","24","1","12","10","8","10","11","6","BYE","10","14","0","13","4","12","11","9.2","157"
"101","Zack Moss","RB","CIN","-","18.7","21.5","9","32.5","14.9","6.7","13.9","2.6","0.2","-","8","6.7","7.6","10.8","-","-","3","11.2","156.1"
"102","Jake Elliott","K","PHI","18","12","11","18","11","2","7","10","4","BYE","3","9","7","10","5","17","8","4","9.2","156"
"103","Javonte Williams","RB","DEN","7.7","6.8","7.5","2.4","-","7.2","11.1","17.3","BYE","19","6.3","8.6","8.5","16.6","3","9.4","7.3","17","9.7","155.7"
"104","Kirk Cousins","QB","ATL","17.5","28.6","26.7","11.6","19.9","8.7","22","19.9","-","-","BYE","-","-","-","-","-","-","-","19.3","154.7"
"105","Harrison Butker","K","KC","8","5","12","11","10","17","7","11","3","BYE","6","7","7","5","11","2","24","8","9.1","154"
"105","New York Jets","DST","NYJ","20","0","1","7","18","11","BYE","8","5","8","2","13","9","12","2","8","12","18","9.1","154"
"107","Joe Burrow","QB","CIN","3.2","16.4","9.2","4.7","24.4","14.8","BYE","27.6","22.3","21.9","8.7","-","-","-","-","-","-","-","15.3","153.2"
"108","Cleveland Browns","DST","CLE","9","7","12","4","BYE","6","16","5","23","15","7","2","-4","12","13","7","15","4","9","153"
"109","Devin Singletary","RB","NYG","1.5","2.9","5.5","8.3","0","6.7","-","5.3","3.6","22.6","18.8","10.2","4.5","12.5","19","7.8","10.1","13","9","152.3"
"110","Miami Dolphins","DST","MIA","2","9","8","-2","11","5","12","6","5","BYE","12","21","12","12","24","7","-1","9","8.9","152"
"111","Kyler Murray","QB","ARI","-","-","-","-","-","-","-","-","-","18.3","22.7","20.4","11.8","BYE","15.3","20.4","24.7","17.8","18.9","151.4"
"112","Cameron Dicker","K","LAC","12","10","4","6","BYE","5","7","16","11","9","8","4","6","1","3","21","13","15","8.9","151"
"113","Jake Browning","QB","CIN","-0.1","-","-","-","-","-","BYE","-","-","-","10.7","13","26.2","24.7","20","16.4","21.1","19","16.8","150.9"
"114","Blake Grupe","K","NO","12","8","5","10","14","9","11","8","8","4","BYE","19","4","4","8","2","12","12","8.8","150"
"115","Ezekiel Elliott","RB","DAL","4.8","1.3","9.2","3.2","5.8","11.4","9.1","3.6","4.7","9.8","-","6.2","11.2","23.5","7.1","16.5","11","10.6","8.8","149"
"115","Dustin Hopkins","K","CLE","12","9","12","5","BYE","17","22","8","10","14","7","6","8","9","8","2","-","-","9.9","149"
"117","Jonathan Taylor","RB","IND","-","-","-","-","3.9","9","19.5","10.2","15.4","14","BYE","21.1","-","-","-","10.3","16.9","26.6","14.7","146.9"
"118","Brandin Cooks","WR","DAL","3.2","-","2.7","4.7","1.8","13","BYE","12.7","1.2","27.8","5.7","15.2","14.5","4.7","2","9.3","14.5","13.2","9.1","146.2"
"119","Brandon McManus","K","FA","8","10","5","14","6","17","8","16","-","3","10","14","8","3","1","0","14","9","8.6","146"
"119","Las Vegas Raiders","DST","LV","3","-2","1","4","12","9","4","13","19","8","8","0","BYE","12","25","21","1","8","8.6","146"
"119","Jason Sanders","K","MIA","14","6","10","2","8","6","6","7","2","BYE","11","12","10","9","12","22","7","2","8.6","146"
"122","Romeo Doubs","WR","GB","16.6","4","15.8","14","0.9","BYE","10","9.8","5.1","10.6","13.8","5.2","9.2","5.2","4.5","15.9","4.3","0","8.5","144.9"
"123","Cole Kmet","TE","CHI","6.9","5.8","3.2","24.1","12.7","1.9","0","12.9","20.5","7.1","3.5","7.8","BYE","9.1","10.8","12.7","0","5.6","8.5","144.6"
"124","Pittsburgh Steelers","DST","PIT","4","26","11","-1","18","BYE","5","10","7","8","7","10","2","4","4","13","3","12","8.4","143"
"124","New Orleans Saints","DST","NO","10","7","10","3","24","5","4","4","13","1","BYE","5","0","21","14","0","14","8","8.4","143"
"124","Greg Zuerlein","K","NYJ","11","-","6","4","18","14","BYE","7","8","16","0","1","7","17","0","14","10","10","8.9","143"
"127","Jake Ferguson","TE","DAL","2.1","8.6","7.3","11.2","4.3","2","BYE","12.7","18.6","10.6","4.7","4","16.7","9.7","7.4","6.5","5.3","9.9","8.3","141.6"
"128","Tank Dell","WR","HOU","4.9","16.7","23","3.4","6.8","-","BYE","4.6","26.6","15.9","24.9","14.7","0","-","-","-","-","-","12.9","141.5"
"129","Trey McBride","TE","ARI","3.3","4.2","0.7","1","2.7","8.2","4.4","20.5","3.7","17.1","6.8","9.5","18.9","BYE","15.2","6.1","7.8","10.9","8.3","141"
"129","San Francisco 49ers","DST","SF","13","5","8","2","16","7","2","4","BYE","20","9","14","4","9","12","3","9","4","8.3","141"
"131","Evan McPherson","K","CIN","4","6","19","3","12","7","BYE","9","6","11","10","5","13","10","9","3","5","8","8.2","140"
"132","Drake London","WR","ATL","0","15.7","4.1","10.3","11.7","17","8.4","8","-","5.1","BYE","11.6","1.3","24.2","3.4","5.4","7.6","6.1","8.7","139.9"
"133","Indianapolis Colts","DST","IND","11","9","9","3","4","1","5","-1","26","16","BYE","11","17","7","14","0","3","4","8.2","139"
"134","Gabe Davis","WR","JAC","4.2","18.2","9.8","13.6","19","1.6","1.1","19.2","0","8.6","0","19.5","-","0","0","21","3.1","0","8.2","138.9"
"135","Younghoe Koo","K","ATL","7","13","7","1","7","5","13","12","19","5","BYE","6","8","5","1","19","5","5","8.1","138"
"136","Chase McLaughlin","K","TB","10","9","3","10","BYE","6","7","6","16","8","2","8","3","11","11","14","1","11","8","136"
"137","Cooper Kupp","WR","LAR","-","-","-","-","15.8","24.3","5.9","4.1","5.8","BYE","1.6","3.3","12.9","21.5","21.1","7.9","10.7","-","11.2","134.9"
"138","Kansas City Chiefs","DST","KC","4","10","11","5","6","14","10","10","12","BYE","7","2","2","6","7","6","7","15","7.9","134"
"139","Tyler Bass","K","BUF","13","8","15","14","2","2","5","6","4","2","17","12","BYE","8","7","6","9","3","7.8","133"
"139","Tampa Bay Buccaneers","DST","TB","9","17","5","13","BYE","4","6","4","1","13","4","4","7","7","5","16","1","17","7.8","133"
"139","Chris Boswell","K","PIT","1","12","15","6","11","BYE","8","4","8","13","4","11","4","6","1","12","12","5","7.8","133"
"142","Aidan O'Connell","QB","LV","-","-","-","10.8","-","-","6","-","8.4","9.4","12.1","13.9","BYE","6","25.9","2.1","20.3","17.9","12.1","132.8"
"143","Rashid Shaheed","WR","NO","16.5","8.3","6","4.8","3.8","17.3","5.2","22.8","3.7","4.9","BYE","1.9","-","0","5.1","15.9","2.4","14","8.3","132.6"
"144","Jake Moody","K","SF","14","14","12","5","6","5","7","5","BYE","10","9","7","6","4","10","6","9","2","7.7","131"
"144","New York Giants","DST","NYG","-1","-1","1","3","12","5","14","12","-1","0","23","12","BYE","8","1","10","16","17","7.7","131"
"144","Nick Folk","K","TEN","18","10","4","11","12","10","BYE","4","11","6","2","7","9","8","5","5","5","4","7.7","131"
"144","Houston Texans","DST","HOU","8","-1","13","12","4","10","BYE","7","0","8","8","2","10","5","13","7","21","4","7.7","131"
"148","Matt Prater","K","ARI","12","9","13","4","2","11","5","5","0","18","6","0","8","BYE","14","6","9","8","7.6","130"
"149","Wil Lutz","K","DEN","4","9","8","9","7","0","15","6","BYE","15","17","9","5","6","5","1","11","2","7.6","129"
"150","Tyler Allgeier","RB","ATL","22.9","4.8","3.9","1.7","6","5.1","12.7","3.1","10","4.3","BYE","6.4","2.6","4","5.6","15.3","15.3","4.9","7.6","128.6"
"151","Tyjae Spears","RB","TEN","3.3","6.5","2.9","7.3","14.9","6.8","BYE","5.1","4.2","8","3.6","1.2","10.8","14.8","4.2","9.2","4.9","20.1","7.5","127.8"
"152","Diontae Johnson","WR","CAR","6.3","-","-","-","-","-","10.4","12.5","18.5","2.2","2.6","7","11.3","13.2","14.2","2.5","9.6","16.9","9.8","127.2"
"153","Taysom Hill","TE","NO","0.4","8.2","2.6","2.7","2.5","8.8","14.8","22","18.6","3.3","BYE","7.1","14.4","-","1","0.2","10.5","9.9","7.9","127"
"154","Zach Wilson","QB","DEN","9.2","11.4","6.4","19.2","9.6","10.9","-","12.1","7.2","14.9","7.7","-","-","19.2","-1","-","-","-","10.6","126.9"
"155","Rhamondre Stevenson","RB","NE","11.9","13.5","6.7","5","2.4","15.5","11.5","6","20.9","11.7","BYE","19.2","2.4","-","-","-","-","-","10.6","126.7"
"156","Curtis Samuel","WR","BUF","8.5","4.7","6.4","14.7","15.5","12.2","4.5","4.2","-","1.6","1","14.5","8.5","-","18.6","2.5","4.8","4","7.9","126.2"
"157","Darius Slayton","WR","NYG","3","7.7","4.7","3.3","4.5","8.9","2.7","0.4","7.9","3.6","16.2","2.6","BYE","2.4","8.3","16.5","18.6","14.7","7.4","126"
"158","Anders Carlson","K","GB","10","6","4","8","7","BYE","5","4","8","7","5","6","11","11","8","11","9","5","7.4","125"
"159","Minnesota Vikings","DST","MIN","2","5","2","17","2","21","8","10","4","8","2","11","BYE","20","7","4","1","0","7.3","124"
"160","Josh Downs","WR","IND","4.5","5.7","9.7","4.4","12.7","10.6","21","10.7","1.5","5","BYE","6.8","2.9","4.7","3.4","6.9","6.3","6.3","7.2","123.1"
"161","Christian Kirk","WR","JAC","1.4","16.5","13.4","12.4","11.4","12.4","16","6.6","BYE","11.4","6.3","10.9","3.1","-","-","-","-","-","10.1","121.8"
"162","Dalton Schultz","TE","HOU","1.4","5.4","1.4","11.7","16","14.1","BYE","1.5","22","9.1","10.2","0.7","-","-","7.8","10.1","2.9","6.7","8.1","121"
"162","Daniel Carlson","K","LV","5","5","4","5","5","13","7","2","14","14","8","5","BYE","0","9","6","9","10","7.1","121"
"164","Chicago Bears","DST","CHI","0","2","0","1","10","10","17","1","0","7","9","14","BYE","14","17","3","11","4","7.1","120"
"164","Jacksonville Jaguars","DST","JAC","11","8","-4","20","5","12","9","11","BYE","1","7","4","3","6","5","1","18","3","7.1","120"
"166","Aaron Jones","RB","MIN","25.7","-","-","1.9","-","-","7.2","6.6","15.9","7.4","2.2","-","BYE","-","8.9","14","13.5","16.6","10.9","119.9"
"167","Greg Joseph","K","GB","5","4","6","3","9","11","12","6","11","10","8","4","-","3","6","6","6","9","7","119"
"168","Mac Jones","QB","JAC","25.1","14.7","13.3","2.7","0.4","6.9","20","13.2","12.1","8.3","-","1.6","-","-","-","-","-","-","10.8","118.4"
"169","Jaxon Smith-Njigba","WR","SEA","2.8","5.9","1.5","2","BYE","6.8","14.3","11.1","9.3","7.3","5.5","5.1","9.7","4.5","12.8","9.1","7.7","2.9","7","118.3"
"170","Alexander Mattison","RB","LV","11.9","3.4","15","10.3","11.6","9.2","5.2","3.8","16.3","3.8","6.5","7.3","BYE","6.6","-","-0.1","4","3.4","7.4","118.2"
"171","Cincinnati Bengals","DST","CIN","7","6","11","5","16","12","BYE","9","6","6","2","5","3","11","7","0","4","8","6.9","118"
"171","Denver Broncos","DST","DEN","3","0","2","13","8","5","3","17","BYE","8","9","16","5","14","-2","5","9","3","6.9","118"
"173","Tee Higgins","WR","CIN","0","24.9","3.1","2.9","-","3","BYE","9.4","15","-","-","-","5.1","8.2","20.1","22.5","2.4","-","9.7","116.6"
"174","Green Bay Packers","DST","GB","15","3","5","3","9","BYE","2","7","12","1","5","15","6","4","6","1","12","9","6.8","115"
"175","Jerry Jeudy","WR","CLE","-","4","10.6","6.7","8","2.9","8.9","12","-","5","8.3","2.1","6.6","2.6","8.9","5.9","6.9","15.4","7.2","114.8"
"176","Kenny Pickett","QB","PHI","11.7","11.3","18.5","4.5","12.4","-","15.2","3.9","10.3","6.6","5.1","11.6","3.1","-","-","-","-","-","9.5","114.2"
"177","Ka'imi Fairbairn","K","HOU","9","8","13","12","15","8","BYE","1","6","-","-","-","-","-","17","2","16","7","9.5","114"
"178","Dalton Kincaid","TE","BUF","4.6","6.8","1.3","4.7","2.9","-","11.5","15","11.1","13.6","7.6","6.3","BYE","4.6","0","1.2","10.7","11.9","7.1","113.8"
"179","Mark Andrews","TE","BAL","-","13","5.5","22.5","9.5","8.9","20.3","12","12.5","5.4","3.3","-","BYE","-","-","-","-","-","11.3","112.9"
"180","Tyler Boyd","WR","TEN","2","8.2","6.4","4.6","6.9","13.3","BYE","12.1","7.1","15.7","3.7","3.8","5.7","3.3","6.3","8.4","3.9","0.9","6.6","112.3"
"181","Los Angeles Chargers","DST","LAC","0","5","8","14","BYE","8","4","9","27","-4","3","3","17","4","-3","7","3","7","6.6","112"
"182","Kareem Hunt","RB","FA","-","-","4.5","1.2","-","14.6","15.1","13.2","9.8","9.2","5.2","2.2","5.3","9.5","2.5","8.6","9.1","1","7.4","111"
"183","Kyle Pitts","TE","ATL","5.4","2.5","6.2","3.1","12.2","12.3","6.2","5","7.6","4.5","BYE","3.2","7.1","13.2","5.2","12.4","1","3.7","6.5","110.8"
"184","Hollywood Brown","WR","KC","7.2","14.4","14.6","13.1","14.1","5.4","6.4","12.3","4.4","3.3","2.2","11.8","0","-","0","-","-","-","7.8","109.2"
"185","Seattle Seahawks","DST","SEA","1","13","3","30","BYE","6","8","10","1","5","4","8","0","6","5","7","0","2","6.4","109"
"185","New England Patriots","DST","NE","6","5","9","3","1","2","5","5","8","6","BYE","12","7","5","7","15","9","4","6.4","109"
"185","Eddy Pineiro","K","CAR","5","13","11","9","6","3","BYE","10","8","7","5","6","4","7","9","6","-","-","7.3","109"
"188","Joe Flacco","QB","IND","-","-","-","-","-","-","-","-","-","-","BYE","-","17.2","21.3","19.9","26.8","23.7","-","21.8","108.8"
"188","Josh Reynolds","WR","DEN","10","21.1","-","8.4","15.6","6.5","5.3","-0.2","BYE","2.5","1.6","8.5","1.7","11.9","5.1","2.1","1.8","6.9","6.8","108.8"
"190","Detroit Lions","DST","DET","9","0","16","10","7","10","-2","12","BYE","-2","6","0","5","4","5","12","6","9","6.3","107"
"191","Dallas Goedert","TE","PHI","0","5.2","6.6","3.5","21.7","6.7","16.2","5.6","6.5","BYE","-","-","-","5","5.1","10.6","13.2","0.9","7.6","106.8"
"192","AJ Dillon","RB","GB","4.6","6.8","3.3","1.1","13.6","BYE","10.5","7.7","4.8","8.6","8.1","9.6","9.2","8.8","-","7.2","2.7","-","7.1","106.6"
"193","Will Levis","QB","TEN","-","-","-","-","-","-","BYE","26.6","9.7","7","12.5","7.1","11.5","17.6","15.5","-","-1.4","-","11.8","106"
"194","Antonio Gibson","RB","NE","0.4","6.8","1.9","3.1","8.4","8.1","4.1","6.7","10.1","14","BYE","5.2","9.2","-","6","9.7","4.6","5.1","6.5","103.4"
"195","Wan'Dale Robinson","WR","NYG","-","-","4.1","7.2","4.4","10.2","2.7","1.7","11.5","1.6","5.2","4.6","BYE","14.5","4.5","3.1","16.9","11","6.9","103.2"
"196","Elijah Moore","WR","CLE","7.7","5.6","7.3","1","BYE","4.7","7.9","4","2.4","12.9","9","3.9","10.3","5.7","2.7","2.9","14.6","0","6","102.6"
"197","Khalil Herbert","RB","CHI","9.9","6.3","2.5","20.2","7.6","-","-","-","-","-","5.1","4.8","BYE","0.8","1.7","18.6","19.9","5.1","8.5","102.5"
"198","Joey Slye","K","NE","8","11","5","7","8","6","1","9","8","10","8","5","1","-","2","4","5","4","6","102"
"198","Tennessee Titans","DST","TEN","9","3","5","12","1","5","BYE","8","1","6","0","10","9","9","13","4","2","5","6","102"
"200","Philadelphia Eagles","DST","PHI","13","7","12","5","5","6","10","2","7","BYE","6","4","-2","10","3","4","5","4","5.9","101"
"201","Jahan Dotson","WR","WAS","6.5","3.7","3.1","10.7","4.5","0","6.8","20.8","14.9","0","9.8","7.7","3.3","BYE","1.7","4.1","0","2.7","5.9","100.3"
"202","Dontayvion Wicks","WR","GB","0","11","6.5","0","1.5","BYE","2.9","3.8","4.9","6.6","10.6","-","5.8","3","12.7","9.9","-","21.1","6.7","100.3"
"203","Logan Thomas","TE","SF","6.3","9.2","-","5.8","16.2","0.7","7.1","13.4","5.1","6.5","6.3","2.5","2","-","1.2","12.1","3.5","1.4","6.2","99.3"
"204","Jonnu Smith","TE","MIA","0","6.7","6.2","12.5","7.7","11.6","4.2","1.8","18.5","0.6","-","0","2","4.7","7.1","5.2","0","10.4","5.8","99.2"
"205","Hunter Henry","TE","NE","14.1","14.2","2.7","7.1","0","1.2","3.7","4.3","11.9","3.6","BYE","0","2.5","17.5","16.1","-","-","-","7.1","98.9"
"206","DJ Chark Jr.","WR","LAC","-","2","16.6","3.8","11.7","4.1","-","3.3","7.9","-","0","4.9","7.1","3.6","2.3","24.8","2.3","3.6","6.5","98"
"207","Tommy DeVito","QB","NYG","-","-","-","-","-","-","0","7.2","10.7","14.5","22.5","10.2","BYE","17.4","10.7","2.7","-","0.6","9.7","96.5"
"208","Samaje Perine","RB","DEN","9.8","3.9","3.4","4.5","9.5","0.6","5.6","3.1","BYE","5.8","10.2","13.1","1.6","6.9","5.3","4.9","3.6","4.5","5.7","96.3"
"209","K.J. Osborn","WR","NE","4.6","10.9","10.1","2.1","7.4","6.8","7.2","13.9","2.7","-","1.2","4.9","-","3.5","0.8","18","0","1.9","6","96"
"210","Michael Wilson","WR","ARI","2.9","7.1","9.6","23.1","2.3","7.7","4.1","7.8","-","4.9","-","-","-","BYE","0","0","13.5","12.5","7.3","95.5"
"211","Justice Hill","RB","BAL","12.9","6.8","-","3.3","10.5","5","5.3","7.5","4","0.7","1.2","3.1","BYE","1.7","2.3","7.2","19.7","4.1","6","95.3"
"212","Atlanta Falcons","DST","ATL","12","1","3","3","1","5","11","3","9","4","BYE","12","14","0","7","12","-1","-1","5.6","95"
"213","Khalil Shakir","WR","BUF","-","7.6","1","0","1.6","1.8","5.5","12.2","7.7","2.9","19","6.2","BYE","1.7","0","6","6.9","13.5","5.9","93.6"
"214","Cade Otton","TE","TB","2.9","7.1","2.1","8.8","BYE","2","6.8","6.7","20","2","6.9","6.5","0","8.6","5.4","1.2","2","4","5.5","93"
"214","Riley Patterson","K","WAS","3","7","8","10","6","8","0","17","-","12","3","0","9","1","-","-","7","2","6.2","93"
"216","Tutu Atwell","WR","LAR","14.9","11.7","15.2","4.9","7.9","3.5","9.6","5.9","3.3","BYE","2.2","9.1","1.4","0","-","0","0","3.3","5.8","92.9"
"217","Tyler Conklin","TE","NYJ","0.7","7.5","4.1","7.8","8.7","3.9","BYE","0","9.6","10.5","2.8","5.3","5","7.7","3.8","5.6","7","2.6","5.4","92.6"
"218","Deshaun Watson","QB","CLE","21.7","12.6","21.2","-","BYE","-","-0.8","-","19","17.2","-","-","-","-","-","-","-","-","15.1","90.8"
"219","Ty Chandler","RB","MIN","2.3","1.9","3.6","0","1.5","0","1.7","0","-","10.5","13","1.6","BYE","5.7","23.2","7.7","7.9","9.9","5.7","90.5"
"219","Jaleel McLaughlin","RB","DEN","-0.2","6.5","1.5","17.9","16.4","5.2","5.1","4.9","BYE","2.2","4","0.4","3.1","3.7","2.8","8.7","7.7","0.6","5.3","90.5"
"221","Tyrod Taylor","QB","NYJ","0.2","-","0.2","-","4.8","10.4","21.7","3.6","-","-","-","-","-","-","0.5","10.4","19.8","18.7","9","90.3"
"222","Odell Beckham Jr.","WR","MIA","4.7","4.4","-","-","2.3","4.4","7.4","0","12.1","10.5","13.6","4.9","-","17.7","1.9","2.3","3.8","-","6.4","90"
"223","Zach Charbonnet","RB","SEA","1.1","4","5","4.5","BYE","2.9","-","7.4","1.8","8.2","9.9","7.8","16.4","5.3","1.6","0.1","6.6","7","5.6","89.6"
"224","Joshua Palmer","WR","LAC","0.9","2.8","12.6","9.2","BYE","8","15.8","3.9","-","-","0","-","-","-","19.3","7.2","-","8","8","87.7"
"225","Christian Watson","WR","GB","-","-","-","9.5","10.1","BYE","4.2","4.8","4.2","3.3","9.2","17.9","24.1","-","-","-","-","-","9.7","87.3"
"226","Darren Waller","TE","FA","5.1","10.6","3.5","3.6","12.6","6.8","19.3","0.9","-","-","-","-","-","-","6","4.2","7.6","7","7.3","87.2"
"227","Ryan Tannehill","QB","FA","5.4","21","4.2","13.7","10.8","2","-","-","-","-","-","-","-","-","-","9.8","6.7","13.4","9.7","87"
"228","Chigoziem Okonkwo","TE","TEN","0","5.5","2.2","4.4","5.8","2.8","BYE","4.7","4.3","4.2","1.1","6.5","7.9","7.1","5.1","15.3","4.9","4.6","5.1","86.4"
"229","Isaiah Likely","TE","BAL","0.9","1.3","2.5","0","0","0","0","1.5","6.2","1","0","6","BYE","16.8","15.5","7.1","17.2","10.1","5.1","86.1"
"230","D'Onta Foreman","RB","CLE","3.4","-","-","-","BYE","7.2","31.5","4.1","8.3","16.2","7.4","-","-","8.2","-0.6","-","-","-","9.5","85.7"
"231","Gerald Everett","TE","CHI","3.3","6.2","6","1.9","-","9.3","10.1","-","2.8","0","-","12.3","6.4","6.4","6.6","7.7","5.7","0.9","5.7","85.6"
"232","Roschon Johnson","RB","CHI","14.5","5.2","5.9","2","1.9","-","-","4.6","2","5.2","3","10","BYE","0.6","8","6.8","13.4","2","5.7","85.1"
"232","Noah Brown","WR","HOU","3.4","-","-","-","-","4.7","BYE","7.2","24.3","20.7","-","-","0","0","18.2","5.3","1.3","-","8.5","85.1"
"234","Tyler Higbee","TE","LAR","6.4","2.7","9.6","8.9","3","2.8","1.2","7","0","BYE","2.2","17.4","4.5","-","5.6","4.5","9.2","-","5.7","85"
"235","Rondale Moore","WR","ATL","6","1.9","14.2","0","9.1","4.6","3.6","3.1","1.3","6.8","11.9","4.5","1.1","-","1.8","4.6","4.9","5.6","5","85"
"236","Rico Dowdle","RB","DAL","2.4","4.8","12.1","2.2","1.5","1.2","BYE","3.5","0.8","13.9","3","9.1","2.7","11.7","2.2","0.4","-","11.5","5.2","83"
"236","Los Angeles Rams","DST","LAR","6","0","5","4","3","10","2","1","9","BYE","5","5","7","2","6","4","8","6","4.9","83"
"238","DeMario Douglas","WR","NE","6","0.9","2.5","5.5","2.9","-","9.4","5.4","8","11.4","BYE","7.9","-","-","4.8","9.9","5.8","2.3","5.9","82.7"
"239","Kenneth Gainwell","RB","PHI","9.4","-","5.3","5.1","2.9","2.2","7.6","3.1","8.8","BYE","1","4.6","7.2","2.8","2.1","9.4","4.7","6.2","5.1","82.4"
"240","Kendrick Bourne","WR","NE","21.4","4.9","6.6","4.6","5.3","14.3","13.3","11.1","-","-","BYE","-","-","-","-","-","-","-","10.2","81.5"
"241","Chad Ryland","K","NE","2","6","10","3","0","6","12","5","6","6","BYE","1","0","3","5","10","3","3","4.8","81"
"242","Kalif Raymond","WR","DET","2.5","12.7","7.5","4.3","6","4.1","3","3.2","BYE","5.6","1","12.1","0.9","3","1.7","4.7","1.6","6","4.7","79.9"
"243","Nelson Agholor","WR","BAL","0","14.8","5.9","0.9","8.4","5","7.7","0","0.7","0","10.2","2.6","BYE","5.7","0","8.5","2.8","6.4","4.7","79.6"
"244","Alec Pierce","WR","IND","1","3.8","5.8","4.3","1.5","4","6.8","5.6","0","2.6","BYE","4.7","17.5","3.2","1.8","4.5","12.3","0","4.7","79.4"
"245","Juwan Johnson","TE","NO","5.1","2.3","2.2","-","-","-","-","1","11.4","0.7","BYE","6.5","0","2","10.8","12.8","19","5.5","6.1","79.3"
"246","Bailey Zappe","QB","NE","-","-","-","2.3","0.9","-","-","-","-","0","BYE","1.2","7.2","21.9","10.4","16.4","15.1","2.8","7.8","78.2"
"247","Brett Maher","K","FA","15","13","11","16","2","15","4","-","-","-","-","-","-","-","-","-","-","1","9.6","77"
"248","Trey Palmer","WR","TB","7.8","2.5","1.3","7.6","BYE","5.7","1","3.7","6.6","3.1","4.8","3.7","3.5","1.3","1","6.2","14.4","2","4.5","76.2"
"249","Dameon Pierce","RB","HOU","5.7","4.5","13.4","11.3","8.7","3.4","BYE","4.6","-","-","-","2.3","10.1","1.2","0.3","8.1","2.6","0","5.4","76.2"
"250","Justin Watson","WR","KC","5.5","5.7","6.1","1","6.6","0","-","5.2","2.5","BYE","13.8","6.8","0","2.3","3.6","11.8","4.6","0","4.7","75.5"
"251","Quentin Johnston","WR","LAC","1.9","1.2","2","2.3","BYE","0","2.5","7.5","2.6","11.4","3.1","1.2","7.7","10.6","9.3","4","4.4","3.3","4.4","75"
"252","Nick Mullens","QB","MIN","-","-","-","-","-","-","-","-","-","-","-","-","BYE","3.3","19.1","20.5","9.1","22.6","14.9","74.7"
"253","Demarcus Robinson","WR","LAR","-","-","-","-","-","-","-","-","2","BYE","3.4","2.3","13.5","12.1","13.7","17.2","10.2","0","8.3","74.4"
"254","Latavius Murray","RB","FA","2.2","10.1","8.6","6.6","1.2","4.5","3.8","1.6","1.5","13.9","3.5","6.3","-","3.5","7.1","0","0","-","4.7","74.4"
"255","Miles Sanders","RB","CAR","9.8","6.2","14.7","4.7","1.2","-","BYE","0","7.6","2","5.7","2.8","3.4","7.4","2.3","1.3","3.2","1.8","4.6","74.1"
"256","Anthony Richardson","QB","IND","21.9","17.7","-","29.6","4.4","-","-","-","-","-","BYE","-","-","-","-","-","-","-","18.4","73.7"
"257","Jimmy Garoppolo","QB","LAR","16.1","9.5","20.7","-","11.7","9.9","-","5.2","-","BYE","-","-","-","-","-","-","-","0","10.4","73.1"
"258","Jerick McKinnon","RB","FA","1.5","3.7","16.3","0.7","3.5","3.5","3.6","1.3","9.4","-","2.5","-","-","11.2","14.7","-","-","-","6","71.9"
"259","Carolina Panthers","DST","CAR","4","7","0","13","-2","4","BYE","8","4","7","0","2","3","3","8","0","3","7","4.2","71"
"260","Nick Westbrook-Ikhine","WR","TEN","7.8","10","-","13.6","1.4","4","BYE","9.8","2.8","1.4","1.2","6.1","3.3","5.8","3.8","-","-","-","5.5","71"
"261","Michael Gallup","WR","FA","1.5","0.8","12.2","8.5","2.5","3.9","-","3","2.9","14","4.6","1.8","0","12.3","1.4","1.4","0","0","4.2","70.8"
"262","Michael Thomas","WR","FA","8.6","9","8","7.3","8.5","7","11.7","8.8","0","1.4","-","-","-","-","-","-","-","-","7","70.3"
"263","Taylor Heinicke","QB","ATL","-","-","-","-","-","-","-","12.4","15.7","9.6","BYE","-","-","-","-","14.2","18.1","-","14","70"
"263","Lucas Havrisik","K","FA","-","-","-","-","-","-","-","7","5","-","5","7","11","13","8","12","2","-","7.8","70"
"265","Robert Woods","WR","HOU","8.7","10.4","4.9","4.1","4.5","7.1","BYE","-","-","2","6.9","5","0","0.3","4.5","3.1","7.8","-","5","69.3"
"266","Jameson Williams","WR","DET","-","-","-","-","1.2","12.3","0","2.6","BYE","2.8","11.4","6.1","9.5","0.4","6.7","6.8","8.5","-","5.7","68.3"
"267","Easton Stick","QB","LAC","-","-","-","-","BYE","-","-","-","-","-","-","-","-","5.2","18.4","16.6","11.9","16","13.6","68.1"
"268","Zamir White","RB","LV","1.2","0.2","-","1.5","-","1.9","4.3","0","-0.2","0.5","-","0","BYE","0.8","16","14.5","13.1","12.6","4.7","66.4"
"269","Donald Parham Jr.","TE","LAC","9.7","1.2","13.4","0","BYE","2.9","1.4","12.3","0","2.8","7.7","0","2.2","1.6","-","-","-","10.8","4.7","66"
"270","Keaton Mitchell","RB","BAL","-","-","-","-","-","-","1.4","-","19.9","13.1","4.6","9.9","BYE","6.7","9.8","-","-","-","9.3","65.4"
"271","Arizona Cardinals","DST","ARI","19","4","5","-3","4","5","9","3","1","3","10","-2","6","BYE","-4","3","2","0","3.8","65"
"272","Washington Commanders","DST","WAS","11","10","1","8","-1","10","9","2","3","0","9","-4","-4","BYE","6","3","1","0","3.8","64"
"273","Brandon Johnson","WR","DEN","4.1","19.6","2.2","6.9","1.4","0","0","-","BYE","-","-","-","0","0","0","14.2","4.7","10.8","4.9","63.9"
"274","Darnell Mooney","WR","ATL","13.3","-","0","7.1","0","5.8","5.4","4.9","10.7","2.4","2.9","1.6","-","5.4","2.4","1.5","-","-","4.5","63.4"
"275","Jonathan Mingo","WR","CAR","2.7","4.1","3.6","-","7.3","3.1","BYE","8.2","1","3.5","1.1","8","9.9","3.2","5.2","1.4","1","-","4.2","63.3"
"276","Tucker Kraft","TE","GB","-","-","-","1.5","0","BYE","0","0","0","1.1","4.2","8.5","5.2","8.4","13.7","8","7.8","4.6","4.5","63"
"277","Daniel Jones","QB","NYG","6.5","31.7","5","10.7","7.2","-","-","-","1.9","-","-","-","BYE","-","-","-","-","-","10.5","63"
"278","Emari Demercado","RB","ARI","-","1.5","0.2","3.9","12.2","2.2","9.5","8.4","-","-","-","1.5","0","BYE","13.5","8.5","1.4","0","4.8","62.8"
"279","Tre Tucker","WR","LV","-","3.4","-","-","1.6","7.1","2.8","0","6.6","0.9","4","0","BYE","0","19.2","0.6","4.6","11.5","4.5","62.3"
"280","Clyde Edwards-Helaire","RB","KC","3.4","2.7","12.2","1.8","0.4","2.1","0.5","0.4","-","BYE","2","0.5","1.9","7.8","18.1","6.3","-","1.5","4.1","61.6"
"281","Zay Jones","WR","ARI","14","0","-","-","9.8","-","-","-","-","-","4","1.5","10.3","5.4","8.4","-","-","7.7","6.8","61.1"
"282","Pat Freiermuth","TE","PIT","6.8","0.7","11.6","2.2","-","BYE","-","-","-","-","1.2","16.5","4.4","5.3","3.1","0","5.9","3.1","5.1","60.8"
"283","Tanner Hudson","TE","CIN","-","-","4","2.8","-","-","BYE","-","6.5","6.3","6.9","3.8","5.5","9.1","7.4","1","5.3","2.1","5.1","60.7"
"284","Rashod Bateman","WR","BAL","5","3.3","1.1","-","1.3","2.5","4.6","6.2","4.3","3.5","7.5","3.1","BYE","3.4","5.4","1.9","7.4","0","3.8","60.5"
"285","Marvin Mims Jr.","WR","DEN","1.9","19.3","15.1","5.7","-1.1","0","-1.1","0.5","BYE","-0.3","2.2","4.5","1.8","2.1","1.1","5.8","-","2.2","3.7","59.7"
"286","Tyson Bagent","QB","CHI","-","-","-","-","-","6.7","12.9","13.2","18.8","7.7","-","-","BYE","-","-","-","-","-","11.9","59.3"
"287","Cedrick Wilson Jr.","WR","NO","-","-","-","2.1","7.2","0","5.8","6.6","9.6","-","3.8","0","0","4","1.2","5.7","9.7","2.9","4.2","58.6"
"288","Luke Musgrave","TE","GB","6.5","3.5","7.9","0.6","6.4","BYE","5","1.9","12.6","7.4","4.8","-","-","-","-","-","-","1.6","5.3","58.2"
"289","Kylen Granson","TE","IND","5.9","9.1","1.9","3.4","2.5","8.2","-","-","0","1","BYE","0","8.9","2.7","1.1","8.7","1.8","2.8","3.9","58"
"290","Michael Mayer","TE","LV","0","0.7","2","-","4.9","10","2.3","2.4","2.1","9.4","6.6","3.7","BYE","1.9","11.9","-","-","-","4.5","57.9"
"291","Joshua Kelley","RB","FA","15.1","3.9","2.2","6.5","-","0.9","13.5","2.1","2.7","1.6","1.3","2.4","3.5","0.6","1.3","-0.2","0.2","0.1","3.4","57.7"
"292","Noah Fant","TE","SEA","-","7.6","6.1","7.3","BYE","1.4","3","4.2","0","1.6","0.9","3.5","5.8","4.5","3.1","0","8.4","0","3.6","57.4"
"293","Chris Moore","WR","ARI","0","5.4","5.1","4.9","0","1.1","-","0","3.4","3.1","9.2","5.7","1.7","2.7","5.4","1.4","3.7","4.5","3.4","57.3"
"294","Noah Gray","TE","KC","4.6","5.3","1.4","9.9","3.1","2.5","1.3","3.5","4.9","BYE","0","4.5","6.7","0","4.7","1","3.2","0","3.3","56.6"
"295","DeVante Parker","WR","FA","-","8.7","2.9","4.3","3","1.2","1.3","1.9","-","-","-","5.7","8.4","-","6.9","8.5","2","1.1","4.3","55.9"
"296","A.T. Perry","WR","NO","-","-","-","-","-","-","-","0","0","10.8","BYE","1.2","3.5","4.9","4.4","10","1","18.8","5.5","54.6"
"297","Durham Smythe","TE","MIA","5.9","3.8","2","6.1","0","0","0","4.3","3.2","BYE","-","1.5","0","2.6","5.2","8.1","6.9","4.5","3.4","54.1"
"298","KaVontae Turpin","WR","DAL","9.5","2","0","5.6","9.1","0","BYE","1.8","7","-","3.3","9.9","1.5","2.2","0","1.3","0","0.5","3.4","53.7"
"299","Mitchell Trubisky","QB","BUF","-","-","-","0.7","-","-","-","9.3","-","-","-","-","7.2","21.6","14.9","-","-","-","10.7","53.7"
"300","Brandon Powell","WR","MIN","0","-2","1","0","7.2","3.4","8.9","1.7","8.5","5.5","4.7","6.2","BYE","0","0","6.8","0","0.7","3.1","52.6"
"301","Greg Dortch","WR","ARI","0","0","0","0","0","0","0","-","0.7","0","10.6","10.2","2.4","BYE","3","11.5","11.7","2.4","3.3","52.5"
"302","Jamaal Williams","RB","NO","6.2","2.9","-","-","-","-","1.4","4.3","2.2","1.5","BYE","2","2.1","4.3","3.1","1.8","9.1","10.9","4","51.8"
"303","Mike Gesicki","TE","CIN","5.1","5.8","2.3","1.7","2.7","4.3","7.5","2.1","0","3.2","-","0","0","0","1.2","8.5","5.5","1","3","50.9"
"304","Trenton Irwin","WR","CIN","0","-","-","2.2","10","0","BYE","3.4","0","12.4","5.1","3","3","0","0","5.7","0.9","4.4","3.3","50.1"
"305","Graham Gano","K","NYG","0","7","9","5","13","10","2","4","-","-","-","-","BYE","-","-","-","-","-","6.3","50"
"306","Isaiah Hodgins","WR","NYG","0.9","12","0","3.9","2.9","0","2.3","0","0","0","3.2","7.7","BYE","9.2","0","0","2.3","5.1","2.9","49.5"
"307","Adam Trautman","TE","DEN","5.9","0","0","0","10.6","0.9","1","0","BYE","2.5","4.3","7.3","1.1","8.9","2.9","0","1.4","2.6","2.9","49.4"
"308","Colby Parkinson","TE","LAR","1.3","5.1","5.3","0","-","3.4","3.6","0","1.1","0.8","0","1.4","0","9.8","1.1","9.2","4.8","2.3","2.9","49.2"
"309","Tommy Tremble","TE","CAR","0","0","2","-","6.6","3.5","BYE","7.4","2.2","3.1","6.9","1.2","-","0.7","4.2","7.9","1.1","2.1","3.3","48.9"
"310","Jalin Hyatt","WR","NYG","0","9.9","-","2","0","3.6","8.5","0","2.9","0","1.2","13.4","BYE","2.3","0","0","4","1","3.1","48.8"
"311","Allen Lazard","WR","NYJ","5.6","3.3","5.4","13.6","4.8","1.3","BYE","6","2.8","2.2","0","-","0","0","3.6","0","-","-","3.5","48.6"
"312","Xavier Gipson","WR","NYJ","6","0","0","2.2","-2","1.8","BYE","0.3","4.2","2.9","-0.8","2.5","10.3","7.7","3.9","2.2","6.1","0.9","2.8","48.2"
"313","Jalen Tolbert","WR","DAL","0","3.3","-","7.3","0","-2","BYE","0","12.4","1.2","2.2","5.9","2.2","0","0","6.1","1.4","7.8","3","47.8"
"314","Jake Bobo","WR","SEA","-","0.8","7","0","BYE","5.3","14.1","9.6","0","2.3","1.3","1.1","1.4","0","0.9","1.3","0.9","1.4","3","47.4"
"315","Michael Carter","RB","ARI","2.8","1.6","0.8","3.1","3.7","0.5","-","0.2","5.4","0","-","5.4","2.5","BYE","5.2","0","13.2","2.4","3.1","46.8"
"316","JuJu Smith-Schuster","WR","NE","5.3","5.3","1","1.9","2.1","-","-","6.8","8.1","1.4","BYE","2","1.6","11","-","-","-","-","4.2","46.5"
"317","Chase Brown","RB","CIN","-","0.2","0","0.2","0.7","1.7","BYE","-","-","-","-","0","6.1","18","6.6","3.4","3.8","5.8","3.9","46.5"
"318","Marquez Valdes-Scantling","WR","BUF","5.8","2.3","4.2","1.1","1.7","0","15.9","1.7","3.2","-","0","0.4","3.5","3.2","2.2","0","0.8","-","2.9","46"
"319","Royce Freeman","RB","DAL","-","-","0","0","-","-","6.6","10.4","3.2","-","7.3","13.7","0","0.9","1.6","-","-","2","4.2","45.7"
"320","Allen Robinson II","WR","NYG","8.9","2.2","4.4","1.3","5.4","-","1.2","0","1.5","0","3.5","1.6","3.4","2.6","3.4","5.6","0","0","2.6","45"
"321","Elijah Mitchell","RB","SF","1","-","5.9","-","-","-0.3","-0.1","0.2","BYE","2.3","2.4","4.1","1.3","-","-","-","14","13.7","4","44.5"
"322","Braxton Berrios","WR","MIA","5.7","3.8","4.3","14.4","2.3","3","1.2","1.8","0","BYE","-","0","0","2.3","1.7","0","2","1.9","2.8","44.4"
"323","Calvin Austin III","WR","PIT","6.7","1.3","14.2","4.4","0","BYE","0.1","3.9","1","1.4","0","1","1.5","1.2","0","6.7","0","0.8","2.6","44.2"
"324","Dawson Knox","TE","BUF","4","8.5","1.6","1.7","3.2","3.2","3.5","-","-","-","-","-","BYE","5.1","0","3.6","0","9.2","3.6","43.6"
"325","Jordan Mason","RB","SF","-","0","1.1","2.8","12.9","8.7","0","0","BYE","0","0","0","1","9.1","2","0","0.3","5.3","2.7","43.2"
"326","Skyy Moore","WR","KC","0.4","14.5","6.2","1.9","2.1","3.2","2.5","1.3","4.3","BYE","0.9","4.9","1","0","0","-","-","-","3.1","43.2"
"327","Andrei Iosivas","WR","CIN","0","-","-","0","1.4","6.8","BYE","6.7","1.4","0","-","2.1","0","0","1","5.6","0","18.1","3.1","43.1"
"328","Mo Alie-Cox","TE","IND","0","2","-","10","2.2","0","-0.1","1.6","0","0","BYE","3.5","0","6.7","9.1","0","2.8","4.8","2.7","42.6"
"329","Brevin Jordan","TE","HOU","-","3.7","8.3","0","0","1.6","BYE","-","-","-","0","1.4","7.9","5","1.9","3.7","8.9","0","3.3","42.4"
"330","Josh Oliver","TE","MIN","4.7","2.3","7.4","0","0","0","1.6","0","1.1","0","12.7","0","BYE","0","2.4","3.8","2.2","4.1","2.5","42.3"
"331","Jauan Jennings","WR","SF","0","6.1","4.1","-","2.4","3.6","7.9","0","BYE","1.3","0","1.2","11.9","0","3.5","-","-","-","3.2","42"
"332","David Bell","WR","CLE","0","4.2","-","-","BYE","1.1","0","0","-","-","0","0","2.2","10.6","0","1.1","1.7","20.8","3.2","41.7"
"333","Cam Akers","RB","HOU","8.9","-","-","6.1","2.8","2","7.1","9","5.3","-","-","-","-","-","-","-","-","-","5.9","41.2"
"334","Mike Williams","WR","NYJ","6.5","12.6","21.6","-","-","-","BYE","-","-","-","-","-","-","-","-","-","-","-","13.6","40.7"
"335","Lil'Jordan Humphrey","WR","DEN","8.1","0.9","-","1.6","0","0","0","0","BYE","1.9","0","1.8","1.7","1.7","9.1","0","13.9","0","2.5","40.7"
"336","Pierre Strong Jr.","RB","CLE","0","6.1","2.7","4.9","BYE","0","2.5","8.7","0.7","0","1","0","2","0","2.1","2.2","0.9","6.5","2.4","40.3"
"337","Mason Rudolph","QB","TEN","-","-","-","-","-","-","BYE","-","-","-","-","-","-","-","0.1","20","11.5","8","9.9","39.6"
"338","Kadarius Toney","WR","KC","0.5","6.3","0.4","3.2","5.2","7.9","1.8","0.6","2.3","BYE","3.6","-","0.6","5.6","1.5","-","-","-","3","39.5"
"339","Drew Sample","TE","CIN","0","0","1.2","0.4","0","0.9","BYE","0","10.5","2.2","2.9","7.6","1.6","1.4","0","5.3","3.6","1.7","2.3","39.3"
"340","Darrell Henderson Jr.","RB","FA","-","-","-","-","-","-","13.1","10","4.5","-","10.9","-","-","-","-","-","-","-","9.6","38.5"
"341","Matt Breida","RB","SF","1.1","0.5","9.3","10.3","2.9","1.3","1.4","2.2","1.6","0.3","-0.1","2.1","-","1.6","3.1","0.8","0","0","2.3","38.4"
"342","Kendre Miller","RB","NO","-","-","3.9","1.3","11","1.7","0","2.4","3.6","-","BYE","-","-","-","-","-","-","14.4","4.8","38.3"
"343","Zach Ertz","TE","WAS","5.1","8.6","1.6","8.3","8","3.2","3.4","-","-","-","-","-","-","BYE","-","-","-","-","5.5","38.2"
"344","Daniel Bellinger","TE","NYG","0.6","0","1.3","1.1","1.2","0","0","0","5.8","4.4","5.3","1.3","BYE","2.5","2.3","6.3","5.9","0","2.2","38"
"345","Bo Melton","WR","GB","-","-","-","-","-","BYE","-","-","-","-","-","0","-","-","1.2","7.1","19.5","10.1","7.6","37.9"
"346","Alex Erickson","WR","FA","-","-","-","-","-","-","-","-","-","-","1.7","2.2","2.8","1.4","7.8","4.1","13.3","3.9","4.7","37.2"
"347","Chris Rodriguez Jr.","RB","WAS","0.7","0","-","-","-","2.3","3.1","-","0","-","3.3","2.1","2.9","BYE","3.5","19","-","-","3.7","36.9"
"348","Hunter Renfrow","WR","FA","-","2.8","2.7","2.2","1.2","0","2.4","2.9","4.2","1","6.7","5.8","-","4.1","0","0","0","0","2.3","36"
"349","Austin Hooper","TE","NE","2.5","3","-","1.6","2.1","2.9","2.8","2.9","1.5","1.2","0","1.9","-","1","0","2.3","4.3","5.9","2.2","35.9"
"350","Foster Moreau","TE","NO","-","3","-","-","7.1","5.3","4.8","0","2.8","0","BYE","0","3.8","1.8","2.8","1.8","1.8","0.8","2.6","35.8"
"351","Salvon Ahmed","RB","MIA","1.1","5.6","-","-","-","10.9","0.8","3.7","2.2","BYE","10.6","0","-","-","-","-","-","-","4.4","34.9"
"352","Jeff Wilson Jr.","RB","MIA","-","-","-","-","-","-","0.9","4.7","5.3","BYE","-","8.8","1.1","0","1.1","3","4.9","4.5","3.4","34.3"
"353","Mack Hollins","WR","BUF","4.6","7.5","2.8","0","3.9","5.6","0","3.7","5.1","-","-","-","BYE","0.9","-","0","0","0","2.6","34.1"
"354","Cedric Tillman","WR","CLE","0","-","-","1","BYE","-","-","-","0.8","0","1.5","7.5","3","3.3","7.2","2.3","1.3","5.8","2.8","33.7"
"355","Scotty Miller","WR","PIT","0","0","-","-","2","0.9","5.1","8.4","0","6.7","-","0.9","0","0","0","2","0","7.6","2.2","33.6"
"356","Hayden Hurst","TE","LAC","12.6","3.5","1.6","1.2","3.6","2.1","-","0","6.4","2.4","-","-","-","-","-","0","-","-","3.3","33.4"
"357","Olamide Zaccheaus","WR","WAS","-","-","12.8","1.6","0","1","0","1","1.3","-","0","9.4","0","3.3","0","0","0","3","2.2","33.4"
"358","Andrew Beck","TE","HOU","0","0.2","6","0","0","0","BYE","5.4","1.5","-","0","0.6","1","3.1","0","7.6","-","7.9","2.2","33.3"
"358","Jamal Agnew","WR","FA","-0.2","1","4.9","-","0.1","0","5.5","0","-","0","-","-","-","-","14","1.7","6.3","-","3","33.3"
"360","Dalvin Cook","RB","FA","7.4","-0.3","4.4","2.3","2.3","1.9","-","0.5","1.3","2.6","1.3","3.1","3.1","1.3","1.5","0","-","-","2.2","32.7"
"361","Chase Edmonds","RB","TB","0.8","1.2","-","-","BYE","-","-","3.1","-0.1","1.2","2.4","1.1","1.4","6.8","1.3","2.5","8.1","2.9","2.5","32.7"
"362","Deonte Harty","WR","BAL","2.8","1.4","2.3","2","7.2","6.8","1.5","0","0","0","-0.2","-","BYE","3","0","-2","0","7.7","2","32.5"
"363","Cordarrelle Patterson","RB","PIT","-","-","-","-","1.2","1.1","5.6","0.7","0.8","3","-","4.3","2.2","0.7","6.5","4.3","0","2","2.5","32.4"
"364","Drew Lock","QB","NYG","-","-","-","3.6","-","-","-","-","-","-","-0.9","-","BYE","17.3","12.1","-","-","-","8","32.1"
"365","Treylon Burks","WR","TEN","3.7","9.1","1","-","-","-","BYE","0","3.8","-","-","-","0","1.1","7.9","3.2","2.1","0","2.9","31.9"
"366","Will Dissly","TE","LAC","2.7","5","-","-","BYE","0.9","0","0","0","3.2","1.4","2.6","0","0.8","1.9","1.1","0","12.1","2.1","31.7"
"366","Johnny Mundt","TE","MIN","-","-","0","-","1.6","0","0","1.3","2.3","1.8","0","0","BYE","0.9","0.8","2.8","11.9","8.3","2.3","31.7"
"368","Kyle Juszczyk","RB","SF","0","-","0.3","1.2","10.6","1.4","0","0","BYE","9.6","0","0","0","0","3.6","1","3.8","0","2","31.5"
"369","Ameer Abdullah","RB","LV","0","1","2.6","2.4","2","0","0","2.4","3.5","0.9","0.9","1.8","BYE","2.9","5.5","1.7","2.7","1.2","1.9","31.5"
"370","Harrison Bryant","TE","LV","7.5","0","0.4","0.9","-","0","0","0","0","1","0","4.7","13.4","0","0","1.1","2.4","0","1.8","31.4"
"371","Pharaoh Brown","TE","SEA","-","-","14.1","-","0","2","6.1","4.3","0","0","-","0","0","0.9","0.9","3.5","-1","0.5","2.2","31.3"
"371","Van Jefferson","WR","PIT","4.4","1.4","5.5","3.9","0","0","1","3.9","1.9","0","-","1.8","0","0","0","1.8","3.4","2.3","1.8","31.3"
"373","Drew Ogletree","TE","IND","2.5","-","1.6","12.3","2.6","0","0","9.8","2.4","-","BYE","-","0","0","0","0","-","-","2.6","31.2"
"373","Parker Washington","WR","JAC","-","-","-","0","-","-","-","-","BYE","-","0","0","15.1","7.7","3.2","2.9","0.7","1.6","3.5","31.2"
"375","Trevor Siemian","QB","FA","-","-","-","-","-","-","-","-","-","-","-","-","1.4","-","0.4","11.5","14.7","2.9","6.2","31"
"376","Julio Jones","WR","FA","-","-","-","-","-","-","0.8","7.3","0","-","1.5","0.5","0","0","1.1","1","16.4","2.3","2.8","30.9"
"376","Jimmy Graham","TE","FA","-","0","7.3","-","0","0","0","-","-","-","-","-","7.1","8.6","7.9","0","0","0","2.8","30.9"
"378","KhaDarel Hodge","WR","ATL","0","-","2","2.9","1.6","0","2.4","9","7.5","0","BYE","0","0","2.3","1.5","1","0","0","1.9","30.2"
"379","D'Ernest Johnson","RB","JAC","-0.4","2.2","2.2","-0.2","0","1.9","0","0.8","BYE","5","5.9","6.6","1.4","3.8","0.5","0.2","0","-0.1","1.8","29.8"
"380","Will Mallory","TE","IND","-","5.9","-","-","-","0","0","1.1","-","1.2","BYE","3.9","1.4","7.1","0","6.7","2.4","0","2.5","29.7"
"381","Elijah Higgins","TE","ARI","-","-","-","-","-","-","0.5","0","0","0","0.7","3.1","2.6","BYE","12.4","2.7","3.1","4.2","2.7","29.3"
"382","Randy Bullock","K","FA","-","-","-","-","-","-","-","-","0","6","7","5","-","6","5","-","-","-","4.8","29"
"382","Matt Ammendola","K","FA","-","-","-","-","-","-","-","-","-","13","3","3","10","0","-","-","-","-","5.8","29"
"384","Dyami Brown","WR","WAS","0","4","0","6.1","1.6","0","0","0","4.3","11.1","1.2","0","0.5","BYE","0","0","0","0.2","1.7","29"
"385","Ty Johnson","RB","BUF","-","-","-","-","-","-","0","-","0","0.2","13.3","1.9","BYE","3.1","6.3","-","2.2","1.9","3.2","28.9"
"386","Tony Jones Jr.","RB","ARI","0.5","15.4","7.2","-","-","-","-","-","1.7","1.3","2.6","-","-","BYE","-","-","-","-","4.8","28.7"
"387","Ihmir Smith-Marsette","WR","CAR","0","0","0","0","0","0","BYE","0","0","6","0","1.9","0","1","4.2","11.6","2.7","1.1","1.7","28.5"
"388","Derius Davis","WR","LAC","1","1","0.8","7.7","BYE","0","2.9","1.4","6.5","1.7","0.2","0.6","0","0","-1.7","1.9","0.2","4","1.7","28.2"
"388","Connor Heyward","TE","PIT","2.9","0","0","0","3.8","BYE","3.3","4.9","2.6","4.7","0","2.1","0","2.5","0","0","0","1.4","1.7","28.2"
"390","Jamison Crowder","WR","WAS","0","0","-","0","3.1","0","0","19","4.3","0","2.2","0","0","BYE","0","-2","0","1.3","1.7","27.9"
"391","Ronnie Bell","WR","SF","0","0","9.4","1.2","0","0","-","0","BYE","2.5","0","0","0","0","0","7.7","0","7","1.7","27.8"
"392","Quez Watkins","WR","PIT","2.7","-","-","-","1.4","BYE","-","-","-","-","-","0","4.3","0","0","0","-","19.3","3.5","27.7"
"393","Jarrett Stidham","QB","DEN","-","-","-","-","-","-","-","-","BYE","-","-","-","-","-","0","-","13.6","14.1","9.2","27.6"
"394","Tyler Scott","WR","CHI","2.4","-","1.1","1.9","0","2.2","4.3","1.6","-0.5","3.6","-1.1","0","BYE","1.6","6.1","0","2.5","1.7","1.7","27.4"
"395","Carson Wentz","QB","KC","-","-","-","-","-","-","-","-","-","BYE","-","0","-","-","-","-","-","27.1","13.6","27.1"
"395","Craig Reynolds","RB","DET","-","1","1.5","0","11.2","5.3","3","7.1","BYE","0","-2","0","0","0","0","0","-","0","1.8","27.1"
"397","Stone Smartt","TE","LAC","-","2.9","-","0","BYE","0","1","0","0","0","11.6","0","0","-","3","2.8","3.3","2.4","1.9","27"
"398","Darrynton Evans","RB","BUF","-","-","-","-","-","3.9","5.9","11.5","3.1","0.5","-","1.6","BYE","-","-","-","-","-","4.4","26.5"
"399","Deven Thompkins","WR","CAR","2","1.1","1.6","13.6","-","1.3","0.9","0","0","1.6","1.7","0","1.6","0","-0.1","0","0.5","0.6","1.6","26.4"
"400","Dorian Thompson-Robinson","QB","CLE","-","-","-","4.2","BYE","-","-","0.4","-","-","7.6","11.5","-","0.5","0.2","1.7","-","-","3.7","26.1"
"401","Michael Badgley","K","DET","-","-","-","-","-","-","-","-","BYE","-","-","-","-","-","6","6","8","6","6.5","26"
"402","Malik Heath","WR","GB","0","0","0","-","-","BYE","-","-","0","0","1.2","6.6","2","7.1","4.4","0.5","1.8","2.4","2","26"
"403","Tyler Huntley","QB","CLE","-","-","-","0.8","BYE","-","0","-","6.3","-","-","-","-","-","-","-","4.7","13.8","5.1","25.6"
"404","Jalen Reagor","WR","NE","-","-","-","-","-","0","1.6","0","1.6","0","BYE","-","1.6","0","0","4.3","10.4","5.5","2.3","25"
"405","P.J. Walker","QB","SEA","-","-","-","-","BYE","5.8","6.4","12.6","0","0","-","0.1","-","-","-","-","-","-","4.2","25"
"406","John Bates","TE","WAS","0","6.1","2.2","1.1","2.9","0","0","2.2","0","3.6","2.5","0","0","BYE","0","2.9","1.1","0","1.4","24.6"
"407","Irv Smith Jr.","TE","KC","3.2","2","-","-","0","1","-","2.5","10.1","1.1","0","1.8","0","0","2.8","-","-","-","2","24.5"
"407","Patrick Taylor Jr.","RB","SF","2.2","0.1","4.4","-","1.7","-","-","-","BYE","-","-","2","2.9","6.2","1.2","0.8","3","0","2.2","24.5"
"409","Sam Darnold","QB","MIN","-0.2","-","-0.1","-0.1","-0.1","-","-","-","-","-0.1","-","-","-0.1","-","0.6","7.1","-0.2","17.5","2.4","24.4"
"410","John Metchie III","WR","HOU","-","2.2","2.3","2.7","3","0","BYE","0","1.9","3.5","1.7","1.1","1.4","1.1","0.6","0","1.7","1","1.5","24.2"
"411","Andy Dalton","QB","CAR","-","-","23.5","-","0.1","-","BYE","-","-","-","-","-","-","-","-","-","-","-","11.8","23.6"
"412","Kyle Philips","WR","TEN","-","-","-","-","0","-0.9","BYE","3.9","8.8","7.6","1.5","0.2","-","0","-","-","-","2.5","2.6","23.6"
"413","Terrace Marshall Jr.","WR","CAR","3.3","-","6","10.1","-","0","BYE","1.4","0","1.6","-","-","-","-","-","-","-","1","2.9","23.4"
"414","Jeremy Ruckert","TE","NYJ","-","-","-","3.6","0.7","1.3","BYE","0","1.2","0","4","2.8","1.7","5.2","2.6","0","-","-","1.9","23.1"
"415","Mason Crosby","K","FA","-","-","-","-","-","-","-","-","-","-","-","-","-","-","-","7","7","9","7.7","23"
"416","Jacoby Brissett","QB","NE","-","-","-","-","-","-","-","-","-","-","BYE","-","0","-","13.9","9","-","-","7.6","22.9"
"417","River Cracraft","WR","MIA","11.5","4.4","1.8","-","-","-","-","-","-","BYE","0","0","2.6","0","0","-","0","2.3","2.3","22.6"
"418","Luke Schoonmaker","TE","DAL","-","6.6","0","0","0","0","BYE","1.8","0.5","0","9.3","1.7","1.7","0","0","0.9","0","0","1.4","22.5"
"418","Ray-Ray McCloud III","WR","ATL","0","0","0","3.2","0.6","3.2","3","5.3","-","0","0","2.8","-","-","-","-","-","4.4","1.9","22.5"
"420","Tank Bigsby","RB","JAC","5.3","-","7","1","0.8","1.3","0.2","-1.1","BYE","0.5","2.1","0.6","0","0","-0.2","-","3.2","1.6","1.5","22.3"
"421","Luke Farrell","TE","JAC","-","-","0.9","2","2.1","0","0","1","BYE","0","3.1","7","1.4","0","3.3","0","1.2","0","1.5","22"
"421","Donovan Peoples-Jones","WR","DET","1.7","1.2","6.4","1.2","-","0","3.2","0","BYE","-","0","0","0","2.2","1","1.6","0","3.5","1.5","22"
"423","Brock Wright","TE","DET","2.7","-","-","-","3.1","1.2","0","1","BYE","9.3","0","1.4","1.3","1.6","0","-","-","-","2","21.6"
"424","MyCole Pruitt","TE","PIT","0","0","1.5","0","2.7","1.4","0","0.8","0","0","-","0","8.5","2.5","0","0","1.9","2.2","1.3","21.5"
"425","C.J. Beathard","QB","JAC","-","-","0.4","-","-","-0.2","-","-","BYE","0.2","0","-","3.2","-","-","8.4","9.5","0","2.7","21.5"
"426","Nick Chubb","RB","CLE","14.7","6.4","-","-","BYE","-","-","-","-","-","-","-","-","-","-","-","-","-","10.6","21.1"
"427","Byron Pringle","WR","WAS","-","0.9","-","2","1.5","0","2.1","0","7","1.2","1.7","3.7","0","BYE","1","0","0","0","1.4","21.1"
"428","Tyquan Thornton","WR","NE","-","-","-","-","-","1.1","0.7","-","1.2","-","BYE","3.2","3.9","3.2","1","2.5","3.9","-","2.3","20.7"
"428","Jordan Akins","TE","CLE","1.7","0.7","-","1.1","BYE","0","0","1.1","1.6","1.3","0","0","1.1","0.8","1.3","2.8","3.3","3.9","1.3","20.7"
"430","Robbie Chosen","WR","SF","-","-","13.3","0","0","0","-","-","BYE","-","4.9","-","-","-","0","2.4","0","0","2.3","20.6"
"431","Davis Allen","TE","LAR","-","-","-","-","0","0","0","0","0","BYE","0","1.1","0","13","1.9","0","0","4.5","1.6","20.5"
"432","Parris Campbell","WR","PHI","0.7","4.1","5.4","3","3.3","0","0","0","2.5","1.1","0","0.3","-","-","-","-","-","-","1.7","20.4"
"433","Trent Sherfield Sr.","WR","MIN","-","-","2.8","2.8","0.8","0","1","0","1.4","0","0","0","BYE","1.4","0","0","0","9.9","1.3","20.1"
"434","Josh Whyle","TE","TEN","-","0","-","9.6","1.2","1.6","BYE","-","0","2.6","1.2","1.6","2.1","-","-","-","-","-","2.2","19.9"
"434","Jalen Guyton","WR","LV","-","-","-","-","-","-","-","-","0","12.1","-","0.9","1","1.3","2.9","1.7","0","-","2.5","19.9"
"436","Kevin Harris","RB","NE","-","-","-","-","-","-","-","-","-","-","BYE","-","-","-","8.5","2.1","7.9","1.3","5","19.8"
"437","Lucas Krull","TE","DEN","-","-","-","-","-","-","-","-","BYE","0","-","-","0","4","2.3","10.8","2.4","0","2.8","19.5"
"438","Trey Sermon","RB","IND","-","-","2.6","0.7","0","0","-","-","0","0","BYE","0","0","1.3","8.8","0.3","5.1","-","1.6","18.8"
"439","Stephen Sullivan","TE","FA","-","-","-","-","-","0","-","1.8","4.8","-","2.5","1.8","2.1","0","1.9","3.6","0","0","1.7","18.5"
"440","Alec Ingold","RB","MIA","4.4","-","0","2.8","0","0","0","1","0.6","BYE","3.1","0","0.2","1.8","0","2.2","2.3","0","1.2","18.4"
"441","Mecole Hardman Jr.","WR","KC","-","1.1","-","-","-","0","1.1","0.6","2.5","BYE","2.2","-","-","-","-","-","0","10.7","2.3","18.2"
"441","Charlie Kolar","TE","BAL","0","-","-","-","-","0","0","0","0","0","1.8","0","BYE","0","2","2.2","8.4","3.8","1.4","18.2"
"441","Melvin Gordon III","RB","FA","-","-","6.5","4.9","-","-","-","-","-","-","-","-","-","-","-","-","7","-0.2","4.6","18.2"
"444","Damien Harris","RB","FA","2.9","9.3","1.5","2.9","1.3","0.1","-","-","-","-","-","-","-","-","-","0","-","-","2.6","18"
"445","David Moore","WR","CAR","-","-","-","-","-","-","BYE","-","-","-","-","0","0","1.6","13.8","1.2","0","1.3","2.6","17.9"
"446","Xavier Hutchinson","WR","HOU","1.4","0","-","0","0","1.5","BYE","0","1.2","1.7","0","3.9","-","2.5","0.5","2.3","1.8","1.1","1.2","17.9"
"447","Davis Mills","QB","HOU","-","-","-","-","-","-","BYE","-","-","-","0.1","-","0.7","0.2","0","16.9","0","-","3","17.8"
"448","Chase Claypool","WR","BUF","0","11.1","2","-","-","-","0","2","0","-","-","-","BYE","0","1.8","0","0","0.8","1.6","17.7"
"449","Ronnie Rivers","RB","LAR","0","0.9","0","6.7","0.1","1.8","-","-","-","BYE","-","-","-","-","-","2","0.9","5.2","2","17.6"
"450","Ben Skowronek","WR","HOU","0","2.6","0.8","-","0","0","0","8.5","-0.2","-","0","0.4","2.2","0","0","0","0","3.2","1.1","17.5"
"450","Cole Turner","TE","WAS","2.2","3.1","5.5","0","1.4","0","0","-","0","-","1.2","3.4","0.7","BYE","-","0","-","-","1.5","17.5"
"452","Charlie Jones","WR","CIN","0","6","1.1","-","-","-","BYE","-","-","-","0","0","0","0","2","0.4","0","7.7","1.6","17.2"
"453","Lynn Bowden Jr.","WR","FA","-","-","-","0","0","0","0","0","0","1.7","-","4","0.4","4.4","4.6","0","1.1","0.8","1.2","17"
"454","Robert Tonyan","TE","MIN","0","0","-","2.8","2","1.6","0","1.3","1.6","0","0","0","BYE","0","0","1.9","5.5","0","1","16.7"
"455","Laviska Shenault Jr.","WR","SEA","3.1","0.7","1.2","2.4","2.7","3.2","-","-","-","-","1.9","1.3","-","-","-","-","-","-","2.1","16.5"
"456","Isaiah Spiller","RB","LAC","-","0.3","0.7","3.7","BYE","0.2","-","1.3","-","-","-","-","-","1.9","5","1","1.9","-","1.8","16"
"457","Jeff Driskel","QB","WAS","-","-","-","-","-","-","-","-","-","-","-","-","-","BYE","-","-","-","15.9","15.9","15.9"
"458","C.J. Uzomah","TE","PHI","-","-","1.4","6.6","2.2","0","-","2.4","2.1","1.1","0","0","0","-","-","-","-","-","1.6","15.8"
"459","Sterling Shepard","WR","TB","0","0.9","-","1.1","1.8","0","-1.2","-","0","6.7","1","1.1","-","-","0","0","0","3.9","1.1","15.3"
"460","Tyler Goodson","RB","IND","-","-","-","-","-","-","-","-","-","-","BYE","-","2.1","0.3","8.9","3.5","0.3","0","2.5","15.1"
"461","Jameis Winston","QB","CLE","-","-","4","-1","-0.4","-","-","-","-","10.9","-","-","1.6","-0.2","-","-","-","0","2.1","15"
"462","Tim Boyle","QB","HOU","-","-","-","-","-","-","BYE","-","-","-","0.4","9.4","5.1","-","-","-","-","-","5","14.9"
"463","Geoff Swaim","TE","FA","0","-","-","0","3.2","0","1.3","0","0","2.3","2.5","0","2","-","3.1","-","-","-","1.2","14.4"
"463","Randall Cobb","WR","FA","0","0","1.7","1.8","0","2","-","-","-","-","-","0","-","8","0","-","0","0.9","1.3","14.4"
"463","Richie James Jr.","WR","FA","1.1","-2","-","-","-","-","-","-","-","-","-","0","1.7","0.9","2.2","6.9","1.1","2.5","1.6","14.4"
"466","Jason Brownlee","WR","NYJ","-","-","-","-","-","-","BYE","0","-","-","0","3","0","-","-","7.3","3.8","0","2","14.1"
"466","Raheem Blackshear","RB","CAR","-","-","-","-","-","2.7","BYE","4.1","1","1.8","0","-","0.6","1.3","0","2","0","0.6","1.3","14.1"
"468","Boston Scott","RB","LAR","1.5","4","-","-","-","2.1","0","0.9","-","BYE","0.8","1.4","3.4","0.9","0","-1.7","-","0.5","1.2","13.8"
"468","Tim Jones","WR","JAC","-","0","2.1","0.4","0","0","2.7","0","BYE","2.7","0","0","0","0","0","4.7","0","1.2","0.9","13.8"
"470","Patrick Ricard","RB","BAL","0","-","-","1.9","0","0.8","4.1","0","0","0","0","0","BYE","0","0","0","6.9","0","0.9","13.7"
"471","D.J. Montgomery","WR","IND","-","-","-","-","-","-","-","-","-","-","BYE","0","0","0","11.8","1.3","0","0","1.9","13.1"
"472","Israel Abanikanda","RB","NYJ","-","-","-","-","-","-","BYE","-","-","-","2.1","0","-","-0.1","2.9","4.3","3","0.6","1.8","12.8"
"473","Emanuel Wilson","RB","GB","-","0.5","1.7","-","0","BYE","3.7","-","4.3","0","2.6","-","-","-","-","-","-","-","1.8","12.8"
"474","Marcus Mariota","QB","WAS","-","-","-","-","-","-","-","-","-","-","-","-","1.2","0","-","-","-","11.5","4.3","12.8"
"475","Case Keenum","QB","HOU","-","-","-","-","-","-","BYE","-","-","-","-","-","-","-","12.3","0.5","-","-","6.4","12.7"
"476","La'Mical Perine","RB","PIT","-","-","-","-","-","BYE","-","-","0.1","-","-","0","-","-","-","0","0","12.4","2.5","12.5"
"477","Keith Kirkwood","WR","BAL","0","0","0","-","0.6","0","0","-","-","-","-","3","0","0","7.2","1.4","0","-","1","12.2"
"478","Marquise Goodwin","WR","FA","0","0","0.1","0.5","-","2.9","2.8","-0.5","0","-","-","-","-","0","6.2","0","0","-","1","12"
"479","Brenton Strange","TE","JAC","-","-","1.7","0","0","9.7","0","0","BYE","0","0","0","-","-","-","0","0.6","0","1","12"
"480","Keaontay Ingram","RB","KC","-0.4","0.6","2.6","-","-","6.1","-","2.1","0.8","0.2","-","-","-","-","-","-","-","-","1.7","12"
"481","Samori Toure","WR","GB","2.8","1.1","2","4","0","BYE","0.8","0","-","-","-","0","-","3.2","-","0","-2.1","-","1.1","11.8"
"482","Lawrence Cager","WR","NYG","2.7","-","-","-","-","0","-","-","0","7.5","0","0","BYE","0","1.4","-","-","-","1.5","11.6"
"483","Deuce Vaughn","RB","DAL","0.8","4.7","-","1.6","1.3","-","BYE","0","-","1.4","-","-","-","-","-","-","1.7","-","1.6","11.5"
"484","Trayveon Williams","RB","CIN","0.7","1.4","0.4","0.4","0.5","1.3","BYE","0.6","1.3","0.7","2","0","0","0.4","1.7","0","0.2","-0.2","0.7","11.4"
"485","Hunter Luepke","RB","DAL","-","0","2.6","6.4","0","0","BYE","0.3","0","0","0","0","0","0","0.3","1.6","0","0","0.7","11.2"
"486","Isaiah McKenzie","WR","NYG","0","1.2","0.8","1.1","0.4","3.3","0.7","0","0.2","5.1","-","0.3","0","-2","-","-","-","-","0.9","11.1"
"486","Brandon Bolden","RB","FA","0","-","-","-","-","-","-","-","-","-","-","-","-","0","8.5","2","0.6","-","2.2","11.1"
"488","Marcedes Lewis","TE","CHI","-","-","-","1.3","0","0","2.1","0","0","0","0","0","BYE","0.9","0","6.6","0","0","0.8","10.9"
"489","J.K. Dobbins","RB","LAC","10.7","-","-","-","BYE","-","-","-","-","-","-","-","-","-","-","-","-","-","10.7","10.7"
"490","Chris Brooks","RB","MIA","-","-","6.6","-","0","2.8","-","-","-","BYE","-","-","-","-","-","-","1.2","-","2.7","10.6"
"491","Josiah Deguara","TE","JAC","0","1.5","0","5.4","2.4","-","0","0","1.2","0","0","-","-","0","0","0","0","0","0.7","10.5"
"492","Brycen Hopkins","TE","FA","2.6","0","-","1","0","0","1","0","0","-","0","-","-","0","0","0","0","5.7","0.7","10.3"
"493","Mitchell Wilcox","TE","NE","0","-","2","1.2","0","0","-","0","0","0","0","0.6","1.7","0.5","3","1.1","0","0","0.6","10.1"
"493","Ben Sims","TE","GB","-","0","-","0","1.7","BYE","0.7","0","0","-","0","0","6.6","0","0","0","1.1","0","0.7","10.1"
"495","Nick Bawden","RB","FA","-","-","6.1","-","0","0","-","0","1.2","0","0","1.1","0","0.3","0","-","1.3","0","0.8","10"
"495","Eric Gray","RB","NYG","0","0","0","0","3.1","0.2","0","-","-","-","0","0","BYE","0","2.1","0","1.3","3.3","0.7","10"
"497","Mike Boone","RB","CAR","3.3","-","0","0.4","0","1.1","BYE","2.1","0.3","1.6","1","-","-","-","-","-","-","-","1.1","9.8"
"498","Darnell Washington","TE","PIT","0","-","-","1.5","0","BYE","0","0","1.2","1.1","1.3","1.5","0","1.7","0","1.3","0","0","0.6","9.6"
"498","Quintin Morris","TE","BUF","-","-","-","-","0","8","-","-","0","0","1.6","0","BYE","0","0","0","0","0","0.9","9.6"
"500","Clayton Tune","QB","ARI","0","-","-","-","-","-","0.2","-","1.1","6.1","-","2","-","BYE","0","-","0","0.1","1.2","9.5"
"501","Jalen Brooks","WR","DAL","-","-","-","-","-","0","BYE","-","-","5.9","0","2.9","-","-","-","-","0","0.6","1.6","9.4"
"502","Dare Ogunbowale","RB","HOU","-","0.4","-","-","-","-","BYE","-","3","0","0","-","2","1.6","1.7","0.6","0","0","0.9","9.3"
"503","Blake Bell","TE","FA","8.2","-","-","-","0","0","-0.8","0","0","-","0","0","0","0","0","0.9","0","0.8","0.7","9.1"
"503","Gary Brightwell","RB","JAC","2.1","0","4.6","2.4","-","-","-","-","BYE","-","-","-","-","-","-","-","-","-","2.3","9.1"
"503","Velus Jones Jr.","WR","CHI","-","-0.3","0","1","0","2.5","0.5","0.9","0","-","-","0","BYE","1.6","2.3","0.4","0.2","0","0.7","9.1"
"506","Blaine Gabbert","QB","FA","-","-","-0.9","-","-","-","-","-","-","-","-","-","-","-","-","-","-","9.8","4.5","8.9"
"507","Equanimeous St. Brown","WR","NO","-","-","-","2.6","0","-","-","-","-","0.9","2.9","0","-","-","-","-","0","2.3","1.2","8.7"
"508","Chris Conley","WR","SF","-","-","-","-","-","-","0","-","BYE","-","-","-","0","0","0","0","0","8.4","1.2","8.4"
"509","Payne Durham","TE","TB","-","-","-","-","BYE","1.3","0","0","0","0","2.3","1.7","0","0","0","3","0","0","0.6","8.3"
"509","Justyn Ross","WR","KC","1.1","-","0","-","3.8","0","0","-","-","BYE","-","-","-","-","-","0.7","0","2.7","1","8.3"
"511","Ian Thomas","TE","CAR","0","-","1.3","0","3.3","-","BYE","-","-","-","0","1.4","1.1","0","-","0","0","1","0.7","8.1"
"512","Rakim Jarrett","WR","TB","0","1.2","-","0.8","BYE","0","0","1.4","0","0","4.6","-","-","-","-","-","-","-","0.9","8"
"513","Tyler Johnson","WR","LAR","-","-","-","-","-","-","-","-","-","BYE","-","-","-","-","-","-","-","7.8","7.8","7.8"
"514","DeAndre Carter","WR","CHI","1","0","2.1","0","0.3","0","0","0","2","1.5","0","0","BYE","0","0","0","0","0.8","0.5","7.7"
"515","Tylan Wallace","WR","BAL","-","-","-","-","-","-","-","-","0","-","0","0","BYE","6","0","0","0","1.6","1","7.6"
"516","Simi Fehoko","WR","LAC","-","-","-","0","BYE","-","-","7.4","0","0","0","-","-","-","-","-","-","-","1.5","7.4"
"516","Ty Montgomery II","RB","FA","2.6","0","0","-","1","1.4","0","0","0","0","-","0","0.2","2.2","-","-","-","-","0.6","7.4"
"518","Brian Hoyer","QB","FA","-","-","-","-","-","3.8","3.2","-","-","-","-","-","-","-","-","-","-","-","3.5","6.9"
"519","Ko Kieft","TE","TB","0","-","-","0","BYE","0","0","0","0","0","0","0","0","0","6.7","0","-","0","0.5","6.7"
"520","C.J. Ham","RB","MIN","1.7","-","1.2","0","0","0","0","0.7","0","0","0","1.3","BYE","0.7","0","1.1","0","0","0.4","6.7"
"521","Damien Williams","RB","FA","-","-","-","-","-","4.9","0.2","1.4","-","-","-","-","-","-","-","-","-","-","2.2","6.5"
"522","Keelan Doss","WR","LV","-","-","-","-","-","0","0","-","-","-","-","-","BYE","-","-","-","5","1.3","1.6","6.3"
"523","Jack Stoll","TE","NYG","0","-","1.1","-","0.9","0","0","0","0","-","0.8","1.9","0","0","0","0","0","1.6","0.4","6.3"
"524","Britain Covey","WR","PHI","0","0","0","0","0","0","0","0","0","BYE","0","0","0","0","0","1.2","-","5","0.4","6.2"
"525","Grant Calcaterra","TE","PHI","-","-","-","-","0","0","0","0","-","BYE","0","-","0","0","-","3.1","0","2.8","0.6","5.9"
"526","Peyton Hendershot","TE","DAL","0","0","0.8","-","-","-","BYE","-","-","-","-","-","-","0","1","0","1.1","2.9","0.7","5.8"
"526","Julian Hill","TE","MIA","-","-","0","0","0","0","0","0.9","0","BYE","-0.5","0","3.3","0","0","0","1.4","0.7","0.4","5.8"
"528","Brett Rypien","QB","CHI","-","-","-","-","-","-","-","1.7","4.1","-","-","-","BYE","-","-","-","-","-","2.9","5.8"
"529","Ke'Shawn Vaughn","RB","SF","-","-","-","2.4","-","0.9","0.7","0.1","1.3","-","-","-","-","-","-","-","-","-","1.1","5.4"
"530","Devin Duvernay","WR","JAC","0","1.5","0","1.8","0","0","0","0","2","0","0","0","-","0","-","-","-","-","0.4","5.3"
"530","Elijah Cooks","WR","JAC","-","-","-","-","-","0","0","0","BYE","0","-","-","-","0","0","5.3","0","0","0.6","5.3"
"532","Michael Burton","RB","DEN","0.8","0.3","-","0","2","0.2","-0.2","0","BYE","0","0","0","0.4","0.8","0","0.9","0","0","0.3","5.2"
"533","DeeJay Dallas","RB","ARI","2.3","0.3","1","0","-","0.4","-1.5","0","0","0","1.9","0","0.6","0","0","0.2","0","0","0.3","5.2"
"534","Mike Strachan","WR","CAR","-","-","-","-","-","-","BYE","-","-","5","0","-","0","0","-","-","-","-","1.3","5"
"535","Keith Smith","RB","FA","0","0","-","0","3.3","0","0.4","0","-","0","-","1.1","0","0","0","-","-","-","0.4","4.8"
"536","Charlie Woerner","TE","ATL","0","0","-","-","0","0","0","0","-","0","0","1.4","0","0.8","0","0","0","2.5","0.3","4.7"
"537","Jalen Nailor","WR","MIN","0","-","-","-","-","-","-","-","-","2.1","0","0","BYE","2.3","-","-","-","-","0.9","4.4"
"538","Teagan Quitoriano","TE","HOU","1.6","-","0","-","2.7","0","BYE","0","-","-","-","-","-","-","-","-","-","-","0.9","4.3"
"539","Rashaad Penny","RB","FA","-","1.9","-","-","-","-","-","-","0.8","-","-","-","-","-","-","-","-","1.6","1.4","4.3"
"540","Khari Blasingame","RB","CHI","0","-","-","-","2.6","0.6","0.9","0","0","-","0","0","BYE","0.2","0","0","0","0","0.3","4.3"
"541","Cooper Rush","QB","DAL","0","0","-","0.6","0.1","-","BYE","-0.2","-","2.2","0.3","-","-","-","-","-","-","1.2","0.5","4.3"
"542","Nate Adkins","TE","DEN","-","-","1.6","1.8","0","-","0.8","0","BYE","-","0","0","-","-","-","-","0","0","0.5","4.2"
"543","Sean Tucker","RB","TB","3.4","0.7","0.1","0","BYE","-","-","-","-","0","-","-","-","-","-","-","-","-","0.8","4.2"
"544","Steven Sims Jr.","WR","HOU","-","-","-","-","-","-","BYE","-","-","-","3.5","0","-","-","0.6","-","-","-","1.4","4.1"
"545","Austin Seibert","K","NYJ","-","4","-","-","-","-","BYE","-","-","-","-","-","-","-","-","-","-","-","4","4"
"545","Marvin Jones Jr.","WR","FA","-0.2","0","-","0","3.2","1","-","-","-","-","-","-","-","-","-","-","-","-","0.8","4"
"545","Leonard Fournette","RB","FA","-","-","-","-","-","-","-","-","-","-","-","-","-","-","-","2","-","2","2","4"
"545","Greg Dulcich","TE","DEN","3.2","-","-","-","-","0.8","-","-","BYE","-","-","-","-","-","-","-","-","-","2","4"
"549","Trishton Jackson","WR","MIN","-","-","-","-","-","0","1.2","0","2.7","0","-","-","BYE","-","-","-","-","-","0.8","3.9"
"549","Zach Pascal","WR","ARI","0","1.4","0","2.5","0","0","-","0","0","0","-","0","-","BYE","0","0","0","0","0.3","3.9"
"551","Kenny Yeboah","TE","NYJ","-","-","-","-","-","-","BYE","-","-","-","-","-","-","0","0","0","3.8","0","0.8","3.8"
"551","James Mitchell","TE","DET","0","-","-","-","-","-","-","0","BYE","0","0","0","0","0","0","0","0.9","2.9","0.3","3.8"
"553","Miles Boykin","WR","NYG","0","1","-","-","0","-","-","0","1.1","0","0","0","0","0","0","1.1","0","0","0.2","3.2"
"554","Jaren Hall","QB","MIN","-","-","-","-","-","-","-","-1.2","4.2","-","-","-","BYE","-","-","-","0.1","-","1","3.1"
"555","Malik Willis","QB","TEN","-","-","-","-","-","4.7","BYE","-1.6","-","-","-","-","-","-","-","-","-","-","1.5","3.1"
"556","Mike White","QB","MIA","-","-","6.6","-","-","-1.4","-","-","-","BYE","-","-0.2","0.1","-","0","-","-2","-","0.5","3.1"
"557","Kayshon Boutte","WR","NE","0","-","-","-","-","-","-","-","-","1.6","BYE","1.3","-","-","-","0","-","0","0.6","2.9"
"557","Austin Trammell","WR","JAC","-","0","-","0","0","-2","0","0","1.1","-","3.8","0","0","0","0","0","0","0","0.2","2.9"
"557","Elijah Dotson","RB","LAC","-","2.9","-","-","BYE","-","-","-","-","-","-","-","-","-","-","-","-","-","2.9","2.9"
"560","Jashaun Corbin","RB","FA","-","-","-","-","-","-","-","0","-","2.8","-","-","-","-","-","-","-","0","0.9","2.8"
"560","Alex Armah Jr.","RB","FA","-","-","-","-","-","-","-","0.5","0","0.8","-","-","-","-","0","0","0","1.5","0.4","2.8"
"562","Eric Saubert","TE","SF","-","-","-","-","-","-","-","-","0","0","-","0","1","0","-","0","0.7","1","0.3","2.7"
"562","Nick Muse","TE","MIN","-","-","-","-","-","-","-","-","-","-","-","-","BYE","-","-","-","-","2.7","2.7","2.7"
"562","Jake Funk","RB","DET","2.7","-","-","-","-","-","-","-","BYE","-","-","-","-","-","-","-","-","-","2.7","2.7"
"565","Zonovan Knight","RB","DET","-","-","1.3","-","1.3","-","-","-","BYE","-","-","-","-","-","-","-","-","-","1.3","2.6"
"565","Trevon Wesco","TE","FA","0","0","-","-","2.6","0","-","0","0","0","0","0","0","0","0","-","-","0","0.2","2.6"
"565","Chris Manhertz","TE","NYG","0","-","0","1.5","0","0","0","0","-","1.1","0","0","0","0","0","0","0","-","0.2","2.6"
"568","Derrick Gore","RB","FA","-","-","-","0","0","-","-","-","-","-","2.3","-","-","-","-","0","-","0.3","0.5","2.6"
"569","Gunner Olszewski","WR","NYG","-","-1.5","-","-","-2","-","-","0","0","0","0","0","BYE","0","0","0","6","0","0.2","2.5"
"570","Willie Snead IV","WR","MIA","-","-","-","1.4","-","-","-","0","-","0","-","-","-","-","-","1","-","-","0.6","2.4"
"571","Malik Taylor","WR","NYJ","-","-","-","-","-","-","BYE","0","1.2","1.1","-","-","-","-","-","-","-","-","0.8","2.3"
"572","Erik Ezukanma","WR","MIA","1.7","0.5","-","-","-","-","-","-","-","BYE","-","-","-","-","-","-","-","-","1.1","2.2"
"573","Kenyan Drake","RB","FA","-","-","2.1","-","0","-","-","-","-","-","-","-","-","-","0","-","-","-","0.7","2.1"
"573","Anthony McFarland Jr.","RB","FA","2.1","-","-","-","-","-","-","-","-","0","0","-","-","-","-","-","-","-","0.7","2.1"
"573","Tyrion Davis-Price","RB","PHI","-","-","-","-","2.1","-","-","-","-","BYE","-","-","-","-","-","-","-","-","2.1","2.1"
"573","Laquon Treadwell","WR","IND","-","-","-","0","0","-","-","-","-","-","BYE","-","-","-","-","-","0","2.1","0.5","2.1"
"577","Zach Evans","RB","LAR","-","-","-","-","-","1","-","-","-","BYE","0","0.6","-","-","-","-","-","0.3","0.5","1.9"
"578","Devine Ozigbo","RB","FA","-","-","-","-","-","1.8","-","0","-","-","-","-","-","-","-","-","-","-","0.9","1.8"
"579","Jacob Johnson","RB","FA","-","-","0","1.7","0","0","0","0","-","-","-","-","-","0","0","0","0","0","0.2","1.7"
"579","Ross Dwelley","TE","ATL","0","-","-","-","0","0","1.7","0","-","0","0","0","0","-","-","-","-","-","0.2","1.7"
"579","John FitzPatrick","TE","ATL","-","-","0","-","0","-","-","0","-","0","BYE","-","-","-","-","-","-","1.7","0.3","1.7"
"582","Chris Evans","RB","CIN","1.6","-","-","-","0","0","BYE","0","0","0","0","-","-","-","-","-","-","-","0.2","1.6"
"582","Collin Johnson","WR","CHI","-","-","-","-","-","-","-","-","-","-","-","-","BYE","-","-","0","1.6","0","0.5","1.6"
"584","Deon Jackson","RB","NYJ","1.3","-","-","-","-","-","BYE","-","0.2","-","-","-","-","-","-","-","-","-","0.8","1.5"
"584","Cody Thompson","WR","TB","-","-","-","1.5","BYE","0","0","-","-","-","-","-","-","-","-","-","-","-","0.5","1.5"
"586","Adam Prentice","RB","NO","0","-","-","-0.5","0","-","-","-","-","0","BYE","0","0","0","0","0","1.9","0","0.1","1.4"
"586","Tucker Fisk","TE","FA","-","-","-","-","-","-","0","-","0","-","-","-","-","-","1.4","0","0","0","0.2","1.4"
"588","Kene Nwangwu","RB","MIN","-","-","-","-","-","-","0","-","-","0.9","-","0","BYE","0.3","0.1","0","0","0","0.2","1.3"
"589","Sean Clifford","QB","GB","0","-","-","-","-","BYE","-","-","-","-","-","-","-","-","-","-","1.3","-","0.6","1.3"
"590","Evan Hull","RB","IND","1.2","-","-","-","-","-","-","-","-","-","BYE","-","-","-","-","-","-","-","1.2","1.2"
"591","Mason Kinsey","WR","TEN","-","-","0","0","-","-","BYE","-","-","-","-","-","-","-","0","1.1","0","0","0.2","1.1"
"591","Kevin Rader","TE","NO","-","-","-","-","0","0","-","0","0","0","0","0","0","0","0","0","1.1","0","0.1","1.1"
"591","Jonathan Ward","RB","PIT","-","-","-","-","-","BYE","-","0","-","-","-","-","-","0","-","0","1.1","0","0.2","1.1"
"591","Cole Fotheringham","TE","LV","-","-","-","-","-","-","-","-","-","-","-","-","BYE","-","-","1.1","0","-","0.6","1.1"
"595","Jesper Horsted","TE","CAR","0","-","-","-","-","-","0.9","-","0","-","0","-","-","-","0","-","-","-","0.2","0.9"
"596","Nick Vannett","TE","TEN","-","-","-","-","-","-","BYE","-","0","0","0","-","-","0","0","0","0","0.8","0.1","0.8"
"596","Reggie Gilliam","RB","BUF","-","0.8","0","-","0","0","0","0","-","0","0","0","BYE","0","0","0","0","0","0.1","0.8"
"596","Colton Dowell","WR","TEN","-","-","-","0","-","0","BYE","-","-","-","0","0","0","0","0","0.8","0","-","0.1","0.8"
"599","AJ McCarron","QB","FA","-","-","-","-","-","-","-","-","-","-","-","-","-","0","-","-","-","0.8","0.4","0.8"
"600","Giovanni Ricci","TE","CLE","0.7","-","-","0","BYE","0","-","-","0","-","-","-","-","0","-","-","-","-","0.1","0.7"
"600","Antoine Green","WR","DET","-","0.7","-","-","0","0","0","0","BYE","0","-","-","-","-","-","-","-","0","0.1","0.7"
"600","Kwamie Lassiter II","WR","CIN","-","-","-","-","0.7","-","BYE","-","-","-","-","-","-","-","-","-","-","-","0.7","0.7"
"603","Logan Woodside","QB","CIN","-","-","-","-","-","-","BYE","-","-","-","-","-","-","-","-","-","-","0.7","0.7","0.7"
"604","Dee Eskridge","WR","SEA","-","-","-","-","BYE","-","-","-0.5","0","-","0","1","-","-","-","-","-","-","0.1","0.5"
"604","James Robinson","RB","NO","-","-","-","-","-","-","-","-","-","-","BYE","-","0.5","-","-","-","-","-","0.5","0.5"
"606","Dax Milne","WR","LV","-","-","-","-","-","-","-","-","-","-","0","-","BYE","-","-","-","-","-","0","0"
"606","Anthony Firkser","TE","NYJ","-","-","-","-","-","-","BYE","-","-","-","-","-","-","-","-","0","-","-","0","0"
"606","Shedrick Jackson","WR","CIN","-","-","-","-","-","-","BYE","-","-","0","0","-","-","-","-","-","-","-","0","0"
"606","Josh Pederson","TE","JAC","-","-","-","-","-","-","-","-","BYE","-","-","-","-","0","0","-","-","-","0","0"
"606","Terrell Bynum","WR","LV","-","-","-","-","-","-","-","-","-","-","0","-","BYE","-","-","-","-","-","0","0"
"606","Chris Pierce Jr.","TE","FA","-","-","-","-","-","-","-","-","-","-","-","-","-","-","-","-","-","0","0","0"
"606","Aaron Rodgers","QB","NYJ","0","-","-","-","-","-","BYE","-","-","-","-","-","-","-","-","-","-","-","0","0"
"606","Blake Whiteheart","TE","ARI","-","-","-","-","-","-","-","-","-","-","-","-","-","BYE","-","0","-","-","0","0"
"606","Austin Walter","RB","FA","-","-","-","-","-","-","-","-","-","-","0","-","-","-","-","-","-","-","0","0"
"606","Jacob Eason","QB","FA","-","-","-","-","-","-","-","-","-","-","0","0","-","-","-","-","-","-","0","0"
"606","Zach Gentry","TE","LV","-","-","-","-","-","-","-","-","-","-","-","-","BYE","-","-","-","-","0","0","0"
"606","Henry Pearson","RB","FA","-","-","-","-","-","-","-","-","-","-","-","0","0","-","-","-","-","-","0","0"
"606","Jeremy McNichols","RB","WAS","-","-","-","-","-","-","-","-","-","-","-","-","-","BYE","-","0","-","0","0","0"
"606","Sam Ehlinger","QB","IND","-","-","-","-","-","-","-","-","-","-","BYE","-","-","0","-","-","-","-","0","0"
"606","Ethan Fernea","WR","IND","-","-","-","-","-","-","-","-","-","-","BYE","-","-","-","-","0","-","-","0","0"
"606","Marquez Callaway","WR","NO","-","-","-","-","-","-","-","-","-","-","BYE","-","0","0","0","-","-","-","0","0"
"606","Tay Martin","WR","SF","-","-","-","-","-","-","-","-","BYE","-","-","-","-","-","-","-","0","-","0","0"
"606","Michael Bandy","WR","DEN","-","-","-","-","-","-","-","-","BYE","-","-","-","-","-","-","-","0","-","0","0"
"606","Skylar Thompson","QB","MIA","-","-","-","-","-","-","-","-","-","BYE","-","-","-","-","-","-","-","0","0","0"
"606","Marlon Mack","RB","FA","0","-","-","-","-","-","-","-","-","-","0","-","-","-","-","-","-","-","0","0"
"606","Travis Vokolek","TE","ARI","-","-","-","-","-","-","-","-","-","-","-","-","-","BYE","-","-","0","0","0","0"
"606","Brittain Brown","RB","LV","-","-","-","-","-","-","-","-","-","-","-","-","BYE","-","-","-","0","-","0","0"
"606","Stephen Anderson","TE","FA","-","-","-","-","-","-","-","-","-","-","-","-","0","0","0","-","-","-","0","0"
"606","Ben Mason","RB","LAC","-","-","-","-","BYE","-","-","-","-","-","-","-","-","-","-","-","-","0","0","0"
"606","Chase Cota","WR","NYG","-","-","-","-","-","-","-","-","-","-","-","-","BYE","-","-","0","-","-","0","0"
"606","Noah Togiai","TE","FA","-","-","-","-","-","-","-","-","-","-","-","0","-","-","-","-","-","-","0","0"
"606","Dan Chisena","WR","ARI","-","-","-","-","-","-","-","-","-","-","-","-","0","BYE","-","0","-","-","0","0"
"606","Lucky Jackson","WR","MIN","-","-","-","-","-","-","-","-","-","-","-","-","BYE","-","-","0","0","0","0","0"
"606","Ryan Miller","WR","TB","-","-","-","-","BYE","-","-","-","-","-","-","-","0","-","-","-","-","-","0","0"
"606","Chris Blair","WR","ATL","-","-","-","-","-","-","-","-","-","-","BYE","0","-","-","-","-","-","-","0","0"
"606","Godwin Igwebuike","RB","FA","0","-","-","-","-","-","0","0","0","-","-","-","0","0","0","-","0","-","0","0"
"606","Matthew Wright","K","PIT","-","-","-","-","-","BYE","-","-","-","-","-","-","-","-","-","-","-","0","0","0"
"606","Hunter Kampmoyer","TE","DEN","-","-","-","-","-","-","-","-","BYE","-","-","0","-","-","-","-","-","-","0","0"
"606","Hunter Long","TE","LAR","-","-","-","-","-","-","-","-","-","BYE","-","0","0","0","-","-","-","-","0","0"
"606","David Wells","TE","TB","-","0","-","-","BYE","-","-","-","-","-","-","-","-","-","-","-","0","-","0","0"
"606","Jaelon Darden","WR","CLE","-","-","-","-","BYE","0","-","-","-","-","-","-","-","-","-","-","-","-","0","0"
"606","Dareke Young","WR","SEA","-","-","-","-","BYE","-","-","-","-","0","-","-","-","0","0","0","-","0","0","0"
"606","Bryant Koback","RB","FA","-","-","-","0","-","-","-","-","-","-","-","-","-","-","-","-","-","-","0","0"
"606","David Sills","WR","DEN","-","-","-","-","-","-","-","-","BYE","0","0","0","-","-","-","-","-","-","0","0"
"606","N'Keal Harry","WR","MIN","-","-","-","-","0","0","0","0","0","0","0","0","BYE","-","-","-","-","-","0","0"
"606","Rodney Williams","TE","PIT","-","-","-","-","0","BYE","0","0","0","0","0","0","0","0","0","0","0","0","0","0"
"606","Darrell Daniels","TE","FA","-","-","-","-","0","0","-","-","-","-","-","-","-","-","-","-","-","-","0","0"
"606","Jordan Mims","RB","NO","-","-","-","-","0","0","-","-","-","-","BYE","-","-","-","-","-","-","0","0","0"
"606","Corey Clement","RB","FA","-","-","-","-","0","-","-","-","-","-","0","-","-","-","-","-","-","-","0","0"
"606","Matt Bushman","TE","FA","0","-","-","-","-","-","-","-","-","-","-","-","-","-","-","-","-","-","0","0"
"606","Isaiah Winstead","WR","NYJ","-","-","-","0","-","-","0","0","-","-","-","-","-","-","-","-","-","-","0","0"
"606","Matthew Slater","WR","FA","-","-","-","0","0","-","0","-","-","-","-","-","-","0","-","-","0","0","0","0"
"606","Brayden Willis","TE","SF","-","-","-","0","-","-","-","-","BYE","-","-","-","-","0","0","0","0","0","0","0"
"606","Sean McKeon","TE","DET","-","-","-","0","0","0","-","0","0","0","0","0","0","-","-","-","-","-","0","0"
"606","James Winchester","TE","KC","-","-","-","0","-","-","-","-","-","BYE","-","-","-","-","-","-","-","-","0","0"
"606","JaMycal Hasty","RB","NE","-","-","-","0","0","-","-","-","-","-","BYE","-","-","-","-","-","-","-","0","0"
"606","Dylan Drummond","WR","ATL","-","-","-","-","0","-","-","-","-","-","BYE","-","-","-","-","-","-","-","0","0"
"606","Phillip Dorsett II","WR","DEN","0","-","-","-","-","-","-","-","BYE","-","-","-","-","-","-","-","0","-","0","0"
"606","Montrell Washington","WR","KC","-","-","0","0","0","0","-","-","-","BYE","-","0","-","-","-","-","-","-","0","0"
"606","Devon Allen","WR","FA","-","-","0","-","-","-","-","-","-","-","-","-","-","-","-","-","-","-","0","0"
"606","Andy Isabella","WR","BUF","-","-","0","-","-","-","-","-","-","-","-","0","BYE","-","-","-","-","-","0","0"
"606","Justin Hardee Sr.","WR","CLE","-","-","0","-","0","-","-","-","-","-","-","-","0","0","0","0","-","0","0","0"
"606","Tre'Quan Smith","WR","DET","0","-","-","-","-","-","-","0","BYE","-","-","-","-","-","-","-","-","-","0","0"
"606","Brady Russell","TE","SEA","-","-","0","-","BYE","-","0","0","-","0","0","-","0","0","0","0","-","0","0","0"
"606","Tre' McKitty","TE","BUF","-","-","0","-","-","0","-","0","-","-","-","-","BYE","-","-","-","-","-","0","0"
"606","Dalton Keene","TE","HOU","-","-","0","-","-","-","BYE","-","-","0","-","-","-","-","-","-","-","-","0","0"
"606","Kearis Jackson","WR","TEN","0","0","-","-","-","-","BYE","-","-","-","-","-","-","-","-","-","-","-","0","0"
"606","Cephus Johnson III","WR","TB","0","-","-","0","BYE","-","-","-","-","-","-","-","-","-","-","-","-","0","0","0"
"606","Kirk Merritt","WR","FA","-","0","-","-","-","-","-","-","-","-","-","-","-","-","-","-","-","-","0","0"
"606","Julius Chestnut","RB","TEN","-","0","-","-","-","-","BYE","-","-","-","-","-","-","-","-","-","-","-","0","0"
"606","Irvin Charles","WR","NYJ","-","-","-","-","0","0","BYE","-","0","0","0","0","-","0","0","0","0","0","0","0"
"606","Amari Rodgers","WR","FA","-","-","-","-","0","0","-","-","-","-","-","-","-","-","-","-","-","-","0","0"
"606","Parker Hesse","TE","DET","0","-","-","-","-","-","-","-","BYE","-","-","0","0","-","-","-","-","-","0","0"
"606","Zack Kuntz","TE","NYJ","-","-","-","-","-","-","BYE","0","-","-","-","-","-","-","-","-","-","0","0","0"
"606","Leroy Watson IV","TE","TEN","-","-","-","-","-","-","BYE","-","-","0","-","-","-","0","0","-","-","0","0","0"
"606","Travis Homer","RB","CHI","0","-","0","0","-","-","0","0","-","-","-","0","BYE","0","0","-","-","0","0","0"
"606","Tyree Jackson","TE","NYG","-","-","-","-","-","-","-","-","-","0","0","-","BYE","-","-","-","-","-","0","0"
"606","Jordan Thomas","TE","ATL","-","-","-","-","-","-","-","-","-","0","BYE","-","-","-","-","-","-","-","0","0"
"606","Stanley Morgan Jr.","WR","NO","-","-","-","-","-","-","-","-","0","0","BYE","-","-","-","-","-","-","-","0","0"
"606","Damiere Byrd","WR","FA","-","-","-","-","-","-","-","-","0","-","-","-","-","-","-","-","-","-","0","0"
"606","Albert Okwuegbunam Jr.","TE","PHI","-","-","-","-","-","-","-","-","0","BYE","0","0","0","-","-","-","-","-","0","0"
"606","Max Duggan","QB","LAC","-","-","-","-","BYE","-","-","-","0","-","-","-","-","-","-","-","-","-","0","0"
"606","Jalen Virgil","WR","DEN","-","-","-","-","-","-","-","0","BYE","-","-","-","-","-","-","-","-","-","0","0"
"606","DJ Turner","WR","LV","-","-","-","-","-","-","-","0","0","-","0","-","BYE","0","0","0","-","0","0","0"
"606","Andre Baccellia","WR","ARI","-","-","-","-","-","-","-","0","0","-","0","0","0","BYE","-","-","-","-","0","0"
"606","Malik Cunningham","QB","BAL","-","-","-","-","-","0","-","-","-","-","-","-","BYE","-","-","-","-","0","0","0"
"606","Juwann Winfree","WR","IND","-","-","-","-","-","-","-","0","0","0","BYE","-","-","-","-","-","-","-","0","0"
"606","Tyler Kroft","TE","FA","-","-","-","-","-","-","-","0","-","-","0","0","-","-","0","-","-","-","0","0"
"606","Easop Winston Jr.","WR","SEA","-","-","-","-","BYE","-","0","-","-","-","-","-","-","-","-","-","-","-","0","0"
"606","Chris Oladokun","QB","KC","-","-","-","-","-","0","-","0","-","BYE","-","-","-","-","-","-","-","-","0","0"
"606","Patrick Laird","RB","FA","-","-","-","-","-","0","-","-","-","-","-","-","-","-","-","0","-","-","0","0"
"606","Malik Davis","RB","DAL","-","-","-","-","-","0","BYE","-","-","-","-","-","-","-","0","-","-","-","0","0"
"606","J.P. Holtz","TE","FA","-","-","-","-","-","0","-","-","-","-","-","-","-","-","-","-","-","-","0","0"
"606","Tanner Conner","TE","MIA","-","-","-","-","-","0","0","-","-","BYE","-","-","0","-","-","-","-","-","0","0"
"606","Johnny Johnson III","WR","HOU","-","-","-","-","-","-","BYE","-","-","-","-","-","-","-","-","-","-","0","0","0"
"606","Dwayne Washington","RB","DEN","-","-","-","-","-","-","0","0","BYE","0","-","-","0","-","-","-","-","-","0","0"
"606","Mohamed Ibrahim","RB","FA","-","-","-","-","-","-","0","-","-","-","-","-","-","-","-","-","-","-","0","0"
"606","SaRodorick Thompson Jr.","RB","FA","-","-","-","-","-","-","0","0","-","-","-","-","-","-","-","-","-","-","0","0"
"606","Matt Sokol","TE","PIT","-","-","-","-","-","BYE","0","-","-","-","-","-","-","-","-","0","0","0","0","0"
"700","Kyle Trask","QB","TB","-","-","-","-","BYE","-","-","-","-","-0.1","-","0","-","-","-","-","-","-","-0.1","-0.1"
"701","Jonathan Williams","RB","FA","-","-","-","-","-","-","-","-","-","-","-","-","-","-","-0.2","-","-","-","-0.2","-0.2"
"701","Teddy Bridgewater","QB","FA","-","-","-","-","-0.2","-","-","-","-","-","-","-","-","-","-","-","-","-","-0.2","-0.2"
"703","Matt Barkley","QB","FA","-","-","-","-","-","-","-","-","-","-","-","-","-","-","-","-","-0.3","-","-0.3","-0.3"
"704","Nathan Peterman","QB","FA","-","-","-","-","-","-","-0.4","-","-","-","-","-","-","-","-","-","-","0","-0.2","-0.4"
"705","Kyle Allen","QB","PIT","-","-0.2","-0.2","-0.3","-","0","-","-","-","-","-0.2","-","-","-","-0.2","-","-0.2","-","-0.2","-1.3"
"706","James Proche II","WR","CLE","-","-","-","-","BYE","-","-","-","0","-2","0","0","0","0","0","0","0","0","-0.2","-2"
"707","Trent Taylor","WR","SF","0","0","-","0","0","0","0","-0.2","0","0","0","0","-","0","-2","0","0","0","-0.1","-2.2"
""
""